-- phpMyAdmin SQL Dump
-- version 4.7.4
-- https://www.phpmyadmin.net/
--
-- Host: 127.0.0.1
-- Generation Time: Nov 30, 2018 at 01:07 PM
-- Server version: 10.1.29-MariaDB
-- PHP Version: 7.2.0

SET SQL_MODE = "NO_AUTO_VALUE_ON_ZERO";
SET AUTOCOMMIT = 0;
START TRANSACTION;
SET time_zone = "+00:00";


/*!40101 SET @OLD_CHARACTER_SET_CLIENT=@@CHARACTER_SET_CLIENT */;
/*!40101 SET @OLD_CHARACTER_SET_RESULTS=@@CHARACTER_SET_RESULTS */;
/*!40101 SET @OLD_COLLATION_CONNECTION=@@COLLATION_CONNECTION */;
/*!40101 SET NAMES utf8mb4 */;

--
-- Database: `eapi`
--

-- --------------------------------------------------------

--
-- Table structure for table `migrations`
--

CREATE TABLE `migrations` (
  `id` int(10) UNSIGNED NOT NULL,
  `migration` varchar(191) COLLATE utf8mb4_unicode_ci NOT NULL,
  `batch` int(11) NOT NULL
) ENGINE=InnoDB DEFAULT CHARSET=utf8mb4 COLLATE=utf8mb4_unicode_ci;

--
-- Dumping data for table `migrations`
--

INSERT INTO `migrations` (`id`, `migration`, `batch`) VALUES
(5, '2014_10_12_000000_create_users_table', 1),
(6, '2014_10_12_100000_create_password_resets_table', 1),
(7, '2018_11_30_103029_create_products_table', 1),
(8, '2018_11_30_103208_create_reviews_table', 1);

-- --------------------------------------------------------

--
-- Table structure for table `password_resets`
--

CREATE TABLE `password_resets` (
  `email` varchar(191) COLLATE utf8mb4_unicode_ci NOT NULL,
  `token` varchar(191) COLLATE utf8mb4_unicode_ci NOT NULL,
  `created_at` timestamp NULL DEFAULT NULL
) ENGINE=InnoDB DEFAULT CHARSET=utf8mb4 COLLATE=utf8mb4_unicode_ci;

-- --------------------------------------------------------

--
-- Table structure for table `products`
--

CREATE TABLE `products` (
  `id` int(10) UNSIGNED NOT NULL,
  `name` varchar(191) COLLATE utf8mb4_unicode_ci NOT NULL,
  `detail` text COLLATE utf8mb4_unicode_ci NOT NULL,
  `price` int(11) NOT NULL,
  `stock` int(11) NOT NULL,
  `discount` int(11) NOT NULL,
  `created_at` timestamp NULL DEFAULT NULL,
  `updated_at` timestamp NULL DEFAULT NULL
) ENGINE=InnoDB DEFAULT CHARSET=utf8mb4 COLLATE=utf8mb4_unicode_ci;

--
-- Dumping data for table `products`
--

INSERT INTO `products` (`id`, `name`, `detail`, `price`, `stock`, `discount`, `created_at`, `updated_at`) VALUES
(1, 'est', 'Dignissimos minima dolorem est ut laborum sint aut. Voluptatum possimus ullam ut consequuntur sit esse sit. Autem blanditiis ex repellendus est cumque.', 881, 14, 8, '2018-11-30 05:05:27', '2018-11-30 05:05:27'),
(2, 'tempore', 'Quo dignissimos ea corrupti numquam voluptates reiciendis. Impedit numquam sequi natus rerum tenetur cumque et. Natus placeat suscipit necessitatibus cupiditate molestias quidem. Molestias id aut molestiae deleniti dolorem dolorem ratione.', 750, 9, 16, '2018-11-30 05:05:27', '2018-11-30 05:05:27'),
(3, 'ipsam', 'Aut magni omnis ut non dolor maxime. Illo sed sunt dolorem numquam. Reiciendis repellendus nihil deleniti voluptates. Debitis eius optio at voluptatum est.', 619, 12, 13, '2018-11-30 05:05:27', '2018-11-30 05:05:27'),
(4, 'similique', 'Officia odit perspiciatis quia quisquam maiores quia. Saepe modi veniam totam. Placeat optio sit nostrum dolore. Esse unde vel nostrum ut eum atque quasi. Aut tempore optio laudantium voluptas deleniti nobis.', 318, 7, 15, '2018-11-30 05:05:27', '2018-11-30 05:05:27'),
(5, 'maiores', 'Dolores laboriosam sit at velit corporis delectus. Totam dolor libero laudantium ipsam delectus accusamus aut corrupti.', 237, 20, 6, '2018-11-30 05:05:27', '2018-11-30 05:05:27'),
(6, 'tempore', 'Similique repellat possimus iure culpa libero inventore. Rerum mollitia voluptas vero ut deserunt. Dolor dolorum ducimus aut cum ullam amet quo. Quisquam qui dolore perspiciatis placeat voluptatem rem.', 386, 6, 18, '2018-11-30 05:05:27', '2018-11-30 05:05:27'),
(7, 'soluta', 'Aut dolore qui similique fuga qui. Et dolorum eaque minima qui itaque dignissimos sed.', 297, 20, 25, '2018-11-30 05:05:27', '2018-11-30 05:05:27'),
(8, 'nihil', 'Architecto distinctio qui nobis delectus occaecati qui. Mollitia earum est ut eius non qui odio. Aliquam sequi id ad et dignissimos. Voluptatum voluptatem eum dolores eligendi ea sed odit.', 492, 19, 22, '2018-11-30 05:05:27', '2018-11-30 05:05:27'),
(9, 'et', 'Necessitatibus itaque laboriosam consectetur praesentium. Vero expedita consequatur accusantium nemo. Reprehenderit reiciendis qui debitis aliquam numquam rerum quos. Consequuntur modi non suscipit consequatur ipsam maiores. Dignissimos voluptatum consequatur soluta fuga qui possimus expedita.', 406, 7, 13, '2018-11-30 05:05:27', '2018-11-30 05:05:27'),
(10, 'aut', 'Ea quia cupiditate minus. Sint provident eum consequatur nobis et.', 798, 1, 24, '2018-11-30 05:05:27', '2018-11-30 05:05:27'),
(11, 'mollitia', 'Labore fugit quia rerum asperiores similique sunt dolorem. Ut itaque voluptas saepe explicabo adipisci et. Occaecati sed fugiat vel reprehenderit. Commodi quia quasi animi voluptatum.', 817, 5, 6, '2018-11-30 05:05:27', '2018-11-30 05:05:27'),
(12, 'id', 'Similique quae accusantium aspernatur suscipit. Voluptatem mollitia qui distinctio enim illum officia. Iusto ut aut earum eius nihil autem optio.', 830, 5, 18, '2018-11-30 05:05:27', '2018-11-30 05:05:27'),
(13, 'quae', 'Asperiores nobis tenetur et dolores. Praesentium nulla iure quia eligendi sequi.', 106, 6, 5, '2018-11-30 05:05:27', '2018-11-30 05:05:27'),
(14, 'tempora', 'Ratione quo dignissimos ratione assumenda voluptate fugiat explicabo. Architecto omnis debitis et esse ipsa. Odit libero cum mollitia sunt consequatur magnam. In aut dolorum et ut. Unde dolorem ut inventore similique deserunt.', 352, 8, 24, '2018-11-30 05:05:27', '2018-11-30 05:05:27'),
(15, 'qui', 'Autem est quos vel facere autem et unde. Rerum explicabo est neque dolor asperiores. Occaecati architecto recusandae quia molestiae laborum aut beatae.', 507, 8, 17, '2018-11-30 05:05:27', '2018-11-30 05:05:27'),
(16, 'tempore', 'Vero blanditiis et eum omnis alias error. Excepturi eum blanditiis enim et eos. Id nobis aut voluptatem minima.', 397, 11, 14, '2018-11-30 05:05:27', '2018-11-30 05:05:27'),
(17, 'placeat', 'Eos est accusantium quisquam consequuntur nemo ducimus fugit. Velit voluptates vero voluptas iste rerum accusantium praesentium quasi. Qui ut nobis dolor aut dolorem perferendis officiis.', 655, 11, 22, '2018-11-30 05:05:27', '2018-11-30 05:05:27'),
(18, 'fugit', 'Sed laborum saepe dolorem consectetur consequatur alias aliquid ratione. Aperiam sed illo omnis commodi vitae aspernatur praesentium. Ad excepturi ad nulla omnis est maiores sit. Non possimus at corrupti praesentium. Cupiditate animi eos nam culpa sapiente.', 384, 16, 6, '2018-11-30 05:05:27', '2018-11-30 05:05:27'),
(19, 'ipsa', 'Nam omnis consectetur voluptas ad. Ut voluptatem maiores libero eos. Optio voluptatem eos expedita quis rem rerum.', 437, 17, 18, '2018-11-30 05:05:27', '2018-11-30 05:05:27'),
(20, 'possimus', 'Repudiandae accusamus culpa vel ut non. Voluptates aut sit fuga. Inventore aut sunt aspernatur id aliquid.', 188, 4, 23, '2018-11-30 05:05:27', '2018-11-30 05:05:27'),
(21, 'soluta', 'Nemo quidem est sint nulla voluptas est qui. Officiis voluptatem odio eaque et eaque reprehenderit tempora. Esse quod qui nesciunt vero dolores sapiente.', 728, 6, 16, '2018-11-30 05:05:28', '2018-11-30 05:05:28'),
(22, 'qui', 'Aut est doloribus quaerat consequuntur ut et. Numquam esse voluptatem cumque tempore. Sequi eveniet voluptatem quia sequi ea totam.', 428, 5, 25, '2018-11-30 05:05:28', '2018-11-30 05:05:28'),
(23, 'laudantium', 'Nesciunt officiis et rerum saepe eveniet. Necessitatibus non labore autem non. Sit at suscipit quia voluptatibus dolorem possimus.', 984, 8, 5, '2018-11-30 05:05:28', '2018-11-30 05:05:28'),
(24, 'ex', 'Pariatur facilis eaque pariatur illo esse aliquam. Saepe nostrum sed ut est placeat aut assumenda aut. Non est deserunt vel a culpa. Dolores cum rerum dolor et laudantium natus ut doloremque.', 638, 7, 23, '2018-11-30 05:05:28', '2018-11-30 05:05:28'),
(25, 'nulla', 'Omnis sit aspernatur voluptatum corporis. In excepturi iure qui facilis. Neque quia ducimus voluptatibus a. A iusto quibusdam tempore laborum expedita qui temporibus.', 589, 12, 18, '2018-11-30 05:05:28', '2018-11-30 05:05:28'),
(26, 'fugiat', 'Ea earum perspiciatis sit vitae dolorum voluptatibus ut. Odit doloremque ad illum facere porro distinctio eos. Ex quisquam tenetur non. Facilis ut numquam expedita tenetur.', 903, 17, 23, '2018-11-30 05:05:28', '2018-11-30 05:05:28'),
(27, 'sapiente', 'Eveniet sapiente ipsam necessitatibus et impedit expedita reprehenderit. Quasi aliquam quia in. Beatae aspernatur voluptate et consequatur.', 666, 5, 13, '2018-11-30 05:05:28', '2018-11-30 05:05:28'),
(28, 'natus', 'Officiis nisi hic quo eaque reprehenderit. Sunt deserunt necessitatibus qui necessitatibus expedita quis recusandae.', 458, 8, 20, '2018-11-30 05:05:28', '2018-11-30 05:05:28'),
(29, 'sequi', 'Facere est similique omnis architecto quis repellat. Odit deserunt praesentium quis nostrum vel. At voluptatem quae ea ut laborum sint. Harum et saepe enim sint iusto hic.', 205, 14, 23, '2018-11-30 05:05:28', '2018-11-30 05:05:28'),
(30, 'soluta', 'Sapiente eum quaerat harum est qui corporis. Consequatur enim omnis iusto corporis enim labore. Aut vel nobis illo et earum. Nemo laboriosam distinctio vitae ratione eum molestias.', 587, 19, 25, '2018-11-30 05:05:28', '2018-11-30 05:05:28'),
(31, 'natus', 'Autem et expedita quidem libero mollitia. Tempore dolores velit nulla nostrum quae rerum aut. Similique molestiae libero nisi error sint maiores.', 543, 8, 14, '2018-11-30 05:05:28', '2018-11-30 05:05:28'),
(32, 'qui', 'Quam nostrum rerum consequatur illo reprehenderit numquam iste. Et consequuntur minus blanditiis ratione dolores. Expedita ab ipsum nobis sed eius enim eos. Molestiae quo eum repellendus perspiciatis velit vel aut asperiores. Error eligendi omnis possimus corporis.', 414, 6, 10, '2018-11-30 05:05:28', '2018-11-30 05:05:28'),
(33, 'voluptatem', 'Velit deleniti ut adipisci sit repudiandae qui aut. Autem et magni facilis quasi. Sint explicabo sunt quis nesciunt. Qui recusandae illo et nulla quod tempore.', 291, 4, 22, '2018-11-30 05:05:28', '2018-11-30 05:05:28'),
(34, 'sequi', 'In tempora necessitatibus nihil perspiciatis. Est ea laudantium vero esse.', 970, 16, 8, '2018-11-30 05:05:28', '2018-11-30 05:05:28'),
(35, 'consequatur', 'Totam praesentium numquam voluptate. Vel qui et beatae excepturi. Et sed numquam dolorum eius dolorem itaque.', 115, 14, 25, '2018-11-30 05:05:28', '2018-11-30 05:05:28'),
(36, 'excepturi', 'Quo in quia quibusdam incidunt in eligendi magni. Molestias et eum ab ex ullam occaecati. Nulla eum perferendis dolores possimus. Vitae sit possimus exercitationem natus illo libero. Neque maxime modi molestias est placeat reiciendis cupiditate.', 471, 5, 5, '2018-11-30 05:05:28', '2018-11-30 05:05:28'),
(37, 'inventore', 'Voluptates autem quia ullam rem. Corporis nihil quia quod facere nulla fugiat omnis iste. Sint sunt commodi ducimus optio enim omnis pariatur.', 199, 20, 10, '2018-11-30 05:05:28', '2018-11-30 05:05:28'),
(38, 'et', 'Esse ut facere molestiae odit excepturi. Soluta consequatur et et sit. Similique sint quidem suscipit sed ut iure eum et. Ipsa labore magni optio quibusdam. Sequi deleniti molestiae ullam quasi.', 133, 4, 16, '2018-11-30 05:05:28', '2018-11-30 05:05:28'),
(39, 'dolorum', 'Cumque tempore et quidem esse quidem eos. Et ea a omnis vero natus consequuntur corporis. Illum vero nihil molestias neque consectetur.', 778, 5, 14, '2018-11-30 05:05:28', '2018-11-30 05:05:28'),
(40, 'debitis', 'Qui et ipsum dolor. Ad unde maiores maxime voluptatum. Delectus ea maiores autem exercitationem nemo. Ad rerum rerum nesciunt. Neque libero distinctio corrupti distinctio.', 486, 3, 13, '2018-11-30 05:05:28', '2018-11-30 05:05:28'),
(41, 'iure', 'Expedita porro nemo consequatur et et aut mollitia. Numquam velit et ea dolor. Dolores quaerat doloribus qui magnam dolores consequatur ipsum.', 287, 9, 21, '2018-11-30 05:05:28', '2018-11-30 05:05:28'),
(42, 'similique', 'Ut voluptatum ullam architecto molestias nam quaerat eius unde. Velit rerum debitis non soluta voluptate cum ipsa quas. Tempore eaque dignissimos illo vel.', 439, 19, 24, '2018-11-30 05:05:28', '2018-11-30 05:05:28'),
(43, 'voluptatem', 'Eligendi voluptate ut dolore ullam officia. Ipsum qui quo non nostrum asperiores. Consequatur enim temporibus deleniti provident iusto. Rerum et perspiciatis et quis molestiae officia porro cumque.', 468, 7, 11, '2018-11-30 05:05:28', '2018-11-30 05:05:28'),
(44, 'explicabo', 'Sit quam voluptas aut accusantium. Sequi iure quidem voluptates non dignissimos. Optio fuga beatae perspiciatis et illum.', 435, 7, 25, '2018-11-30 05:05:28', '2018-11-30 05:05:28'),
(45, 'eligendi', 'Asperiores dolor quo consequuntur laudantium omnis rerum velit. Ea aut consequatur reprehenderit ex quibusdam ipsam in cupiditate. Voluptatem tenetur nesciunt ut.', 949, 11, 9, '2018-11-30 05:05:28', '2018-11-30 05:05:28'),
(46, 'et', 'Adipisci qui eius cupiditate aspernatur. Reprehenderit mollitia est corporis vel est non voluptatem. Sunt rerum laborum animi. Quae ducimus deserunt fugiat exercitationem.', 294, 7, 21, '2018-11-30 05:05:28', '2018-11-30 05:05:28'),
(47, 'ea', 'In libero deleniti incidunt accusamus. Vel quae animi ad. A cupiditate quaerat nisi iste possimus earum voluptate sunt.', 487, 8, 10, '2018-11-30 05:05:28', '2018-11-30 05:05:28'),
(48, 'impedit', 'Et unde eum accusantium dolore in nihil. Quia optio voluptatem dolore impedit porro illo sit.', 638, 1, 23, '2018-11-30 05:05:28', '2018-11-30 05:05:28'),
(49, 'consequatur', 'Quis nam tempore non et aspernatur sint ea alias. Quibusdam error error doloremque sunt. Quos eaque rerum asperiores non ullam.', 602, 18, 21, '2018-11-30 05:05:28', '2018-11-30 05:05:28'),
(50, 'non', 'Vero id molestiae laboriosam doloremque amet. Fugiat tenetur harum sunt. Vitae sit dolore dolor eos quaerat repellat.', 376, 5, 18, '2018-11-30 05:05:28', '2018-11-30 05:05:28');

-- --------------------------------------------------------

--
-- Table structure for table `reviews`
--

CREATE TABLE `reviews` (
  `id` int(10) UNSIGNED NOT NULL,
  `product_id` int(10) UNSIGNED NOT NULL,
  `customer` varchar(191) COLLATE utf8mb4_unicode_ci NOT NULL,
  `review` text COLLATE utf8mb4_unicode_ci NOT NULL,
  `star` int(11) NOT NULL,
  `created_at` timestamp NULL DEFAULT NULL,
  `updated_at` timestamp NULL DEFAULT NULL
) ENGINE=InnoDB DEFAULT CHARSET=utf8mb4 COLLATE=utf8mb4_unicode_ci;

--
-- Dumping data for table `reviews`
--

INSERT INTO `reviews` (`id`, `product_id`, `customer`, `review`, `star`, `created_at`, `updated_at`) VALUES
(1, 50, 'Chelsie O\'Conner', 'Non qui sed ipsa veritatis. Ut nihil ut ipsum eum ut eos at quia. Dolorem quae in ut sunt est.', 0, '2018-11-30 05:05:29', '2018-11-30 05:05:29'),
(2, 9, 'Davin Kunde', 'Explicabo rem quia consectetur dignissimos illum totam eius. Nisi qui aperiam consectetur hic tenetur similique voluptatem est. Ducimus eveniet architecto corporis odit asperiores.', 1, '2018-11-30 05:05:29', '2018-11-30 05:05:29'),
(3, 6, 'Dr. Richie Hackett', 'Atque ea voluptates vel quia accusamus dicta. Beatae aspernatur consequatur doloremque veniam cumque et omnis est. Doloremque soluta est eligendi ut sapiente dignissimos omnis. Cupiditate harum occaecati ipsum nobis voluptatem pariatur.', 3, '2018-11-30 05:05:29', '2018-11-30 05:05:29'),
(4, 43, 'Summer Quigley IV', 'Voluptate eaque enim et itaque dicta nisi quaerat. Quam sequi nemo fuga earum. Ex veniam incidunt distinctio ut molestiae vel sunt. Aliquid est rerum nobis. Molestiae accusantium nesciunt aut consequuntur.', 1, '2018-11-30 05:05:29', '2018-11-30 05:05:29'),
(5, 35, 'Martine Haag', 'Ipsum magni quis soluta molestias beatae eos. Sunt eveniet ex est quo ducimus vitae mollitia. Laboriosam non voluptatibus est eveniet fuga non. Deleniti quod ea voluptatem numquam sit.', 3, '2018-11-30 05:05:29', '2018-11-30 05:05:29'),
(6, 35, 'Taylor Nolan', 'Illo pariatur animi cumque nobis dolorum. Occaecati hic voluptatem tempore sapiente.', 3, '2018-11-30 05:05:29', '2018-11-30 05:05:29'),
(7, 19, 'Prof. Alanis Ratke I', 'Magnam natus optio et illum. Vitae doloremque veritatis molestias consectetur. Officiis quasi maiores suscipit quis. Dolorem ut voluptatem ab est sunt aut delectus saepe.', 5, '2018-11-30 05:05:29', '2018-11-30 05:05:29'),
(8, 6, 'Miss Liza Smith', 'Molestiae sed at alias eum corrupti. Aut ullam ut earum. Aut maxime iusto quasi eligendi. Temporibus itaque rerum optio placeat.', 4, '2018-11-30 05:05:29', '2018-11-30 05:05:29'),
(9, 10, 'Reba Weimann', 'Corrupti nobis sapiente adipisci et neque facilis quos. Nihil quia illum facilis cumque officia dolorem. Aut totam alias quis in vel qui. Autem mollitia quia vitae saepe.', 3, '2018-11-30 05:05:29', '2018-11-30 05:05:29'),
(10, 50, 'Orion Mann', 'Eum magni quis aut et error. Sed aut neque facere non qui dolorum cupiditate incidunt. Non odit qui fugiat quis ullam. Quam eligendi vel qui est in.', 5, '2018-11-30 05:05:29', '2018-11-30 05:05:29'),
(11, 10, 'Lauriane Rodriguez', 'Commodi et ipsa voluptatem et. Accusamus id ut aut deserunt repellendus. Ut cupiditate libero incidunt aut et.', 2, '2018-11-30 05:05:29', '2018-11-30 05:05:29'),
(12, 28, 'Dr. Annabell Kohler', 'Exercitationem harum est non cum ut est. Odio ut voluptas autem et labore sed. Eligendi ex id placeat ea enim.', 4, '2018-11-30 05:05:29', '2018-11-30 05:05:29'),
(13, 42, 'Demetris Keebler', 'Consequuntur rerum reiciendis incidunt explicabo iure. Quisquam incidunt eius quae facere qui mollitia. Rerum culpa sit voluptas optio. Voluptatem aliquam eveniet repellendus doloribus nam suscipit veniam.', 1, '2018-11-30 05:05:29', '2018-11-30 05:05:29'),
(14, 32, 'Dr. Brian Kling II', 'Maiores ut maxime magnam pariatur. Natus aut soluta omnis odio quas rerum. Rerum aut voluptatibus sint harum et maiores aut voluptatem. Est aut molestiae placeat quasi dolorem quae ad.', 1, '2018-11-30 05:05:29', '2018-11-30 05:05:29'),
(15, 8, 'Kyle Abernathy Sr.', 'Autem veniam et dignissimos at tempora. Facilis error quasi explicabo aut ducimus. Excepturi quo voluptatum est possimus voluptas. Cupiditate placeat sunt ipsa dolores et quo expedita.', 4, '2018-11-30 05:05:29', '2018-11-30 05:05:29'),
(16, 41, 'Vella Bechtelar', 'Ut sapiente minima repellendus sint. Commodi ipsa et nihil rerum. Sunt provident autem sit.', 4, '2018-11-30 05:05:29', '2018-11-30 05:05:29'),
(17, 8, 'Jarrett Considine', 'Perferendis occaecati sunt aut sit et laboriosam. Rerum quia delectus veritatis expedita placeat recusandae dolore veniam. Odio facilis qui omnis qui voluptatem vel quidem. Impedit atque ducimus labore id natus aspernatur.', 4, '2018-11-30 05:05:29', '2018-11-30 05:05:29'),
(18, 33, 'Orlando Lindgren I', 'Consequatur ipsum atque fugit corporis. Nemo voluptatem omnis ducimus omnis repellat. Natus atque ut molestiae commodi. Dolorem possimus voluptatem molestiae ut ut eum qui.', 5, '2018-11-30 05:05:29', '2018-11-30 05:05:29'),
(19, 27, 'Katarina Kihn', 'Qui soluta nesciunt non adipisci nihil. In nihil ab sed harum facere velit. Officiis sit nihil sunt voluptas soluta eius ipsa.', 4, '2018-11-30 05:05:29', '2018-11-30 05:05:29'),
(20, 2, 'Griffin Harris', 'Non veritatis deleniti omnis eius at. Consequatur saepe veritatis qui consequatur tenetur nisi iste. Quam nemo odio asperiores esse. Voluptas magni harum sed laboriosam nihil.', 1, '2018-11-30 05:05:29', '2018-11-30 05:05:29'),
(21, 27, 'Joanne Smith', 'Ducimus dignissimos nostrum unde velit alias nihil numquam. Nihil dolores ad praesentium. Consectetur vero et sint tempora ducimus distinctio. Similique vero est aut autem voluptatem.', 2, '2018-11-30 05:05:29', '2018-11-30 05:05:29'),
(22, 19, 'Ms. Bettie Huel', 'Aliquam unde omnis ut est exercitationem repellat est. Labore praesentium et molestias harum. Eius optio consequatur non delectus consectetur.', 4, '2018-11-30 05:05:30', '2018-11-30 05:05:30'),
(23, 46, 'Hadley Ankunding', 'Qui recusandae omnis eum quas hic doloremque omnis. Omnis sunt qui sit autem id eveniet saepe omnis. Eum molestiae eius aut. Voluptatum repellat voluptatum quibusdam eum et unde necessitatibus ea.', 1, '2018-11-30 05:05:30', '2018-11-30 05:05:30'),
(24, 41, 'Alexandrea Pagac', 'Est quia magnam exercitationem ad repellat. Quisquam officia ratione architecto qui consectetur placeat. Voluptas similique dolorem sint iure nam blanditiis. Architecto odit odit qui deleniti.', 5, '2018-11-30 05:05:30', '2018-11-30 05:05:30'),
(25, 48, 'Priscilla Schuppe', 'Id recusandae nostrum eveniet. Veniam mollitia aut dolorum cupiditate soluta ab quia. Sint commodi fugiat voluptatibus non voluptatem. Vel veritatis sequi eos incidunt molestias consequatur.', 3, '2018-11-30 05:05:30', '2018-11-30 05:05:30'),
(26, 2, 'Sydnee Dicki', 'Fugiat magnam sit nam aspernatur dolorem. Dolorum officia necessitatibus ducimus harum quis et.', 5, '2018-11-30 05:05:30', '2018-11-30 05:05:30'),
(27, 9, 'Moshe Windler', 'Cupiditate ut alias sunt. Numquam iusto veniam aut in nulla voluptatem laboriosam. Veritatis exercitationem corporis est delectus nihil ut odio qui.', 2, '2018-11-30 05:05:30', '2018-11-30 05:05:30'),
(28, 40, 'Breanna Jacobs', 'Molestiae id et minus non id tempore perspiciatis. Ullam consequuntur quia omnis perferendis earum iste consequuntur veniam. Harum dignissimos tempora inventore doloremque molestiae.', 0, '2018-11-30 05:05:30', '2018-11-30 05:05:30'),
(29, 20, 'Carol Stark', 'Accusamus nulla aut qui repellendus. Qui assumenda voluptatem quibusdam maxime ipsam dolor. Animi ut et quaerat ipsum ex voluptatum quam. Officiis autem accusantium impedit reiciendis et quas. Explicabo ea atque quia nihil pariatur architecto.', 2, '2018-11-30 05:05:30', '2018-11-30 05:05:30'),
(30, 39, 'Prof. Zoila Morissette', 'Explicabo et saepe aperiam perspiciatis a non veritatis. Occaecati occaecati voluptatem tempora quaerat.', 0, '2018-11-30 05:05:30', '2018-11-30 05:05:30'),
(31, 5, 'Samara Gleichner', 'Eligendi nulla aut magnam earum nemo consequatur. Vitae consequatur voluptate quia. Amet incidunt architecto non quaerat ut.', 0, '2018-11-30 05:05:30', '2018-11-30 05:05:30'),
(32, 16, 'Dr. Hilton Hickle II', 'In molestiae eum quis est aut ut. Officiis rem voluptatem aut voluptatum. Et ipsam qui rerum ea quidem ut. Aut magnam aut voluptatem.', 2, '2018-11-30 05:05:30', '2018-11-30 05:05:30'),
(33, 24, 'Ms. Beulah Armstrong', 'Dignissimos omnis omnis aliquid sapiente. Repellendus suscipit in et ratione. Similique voluptates et doloribus est aperiam eaque iusto quia.', 5, '2018-11-30 05:05:30', '2018-11-30 05:05:30'),
(34, 46, 'Miss Rubie Denesik IV', 'Eos eveniet rerum officiis. Esse molestiae est repellat velit sit qui id. Eligendi cupiditate quis a sit ratione veritatis natus.', 2, '2018-11-30 05:05:30', '2018-11-30 05:05:30'),
(35, 18, 'Meredith Collier', 'Dolor aut velit maiores ipsa eos. Officiis quasi aspernatur ex a velit fugiat. Sit maiores reiciendis sed cupiditate non beatae quis. Eos eveniet voluptatem est consequatur omnis aut blanditiis.', 1, '2018-11-30 05:05:30', '2018-11-30 05:05:30'),
(36, 32, 'Mariela McClure Sr.', 'Atque a aut eius exercitationem omnis et. Veritatis assumenda dolorum quam dolorem aliquid.', 3, '2018-11-30 05:05:30', '2018-11-30 05:05:30'),
(37, 35, 'Major Effertz', 'Sed qui rerum quidem rerum. Nisi consequatur quo occaecati sint est autem. Esse nostrum qui aut eveniet.', 2, '2018-11-30 05:05:30', '2018-11-30 05:05:30'),
(38, 48, 'River Ruecker', 'Sint et consequatur suscipit reprehenderit id. Excepturi autem quod laudantium accusantium et. Ad quibusdam similique atque delectus vel eum perspiciatis. Non vitae rerum et libero ut.', 4, '2018-11-30 05:05:30', '2018-11-30 05:05:30'),
(39, 6, 'Newton McKenzie Sr.', 'Mollitia odio architecto et et nostrum molestias ut. Pariatur veniam rerum aliquid. Consequatur impedit delectus et sed sapiente magnam officiis. Qui qui non quo molestiae ipsa.', 0, '2018-11-30 05:05:30', '2018-11-30 05:05:30'),
(40, 50, 'Kenna Halvorson MD', 'Cum sapiente est repellendus sunt. Inventore provident nisi perspiciatis perspiciatis ut ratione. Sunt numquam nesciunt exercitationem iste impedit voluptas expedita omnis. Mollitia nihil optio nihil sint odio.', 4, '2018-11-30 05:05:30', '2018-11-30 05:05:30'),
(41, 41, 'Tyshawn Schaefer II', 'Aut optio corporis atque omnis est ratione. Quod consequatur veniam qui deleniti laborum nisi quisquam. Beatae quis mollitia nihil sed inventore.', 1, '2018-11-30 05:05:30', '2018-11-30 05:05:30'),
(42, 26, 'Marielle Erdman DVM', 'Nam quos qui earum cum qui. Architecto dolores ut voluptate et iusto accusantium dolores. Possimus quasi in fuga et.', 4, '2018-11-30 05:05:30', '2018-11-30 05:05:30'),
(43, 43, 'Albina Bailey', 'Eligendi quibusdam est qui aperiam autem aut. Pariatur ut quo sed ea voluptatem cumque consequatur. Maiores velit voluptatibus maxime dolor exercitationem aut a.', 0, '2018-11-30 05:05:30', '2018-11-30 05:05:30'),
(44, 35, 'Prof. Scottie Paucek', 'Aut quia vero aut ut dolorem expedita. Amet quia quod vero est. Harum qui aperiam ut eligendi blanditiis et. Mollitia mollitia facilis suscipit dolor atque eaque esse.', 0, '2018-11-30 05:05:30', '2018-11-30 05:05:30'),
(45, 38, 'Edison McClure', 'Quia quasi ut sed placeat a. Culpa ut ex quod eum similique quam dolores. Et sapiente quasi id tempore ea labore nam. Et debitis et necessitatibus amet voluptatem quia tempore.', 4, '2018-11-30 05:05:30', '2018-11-30 05:05:30'),
(46, 22, 'Sierra Pacocha II', 'Aspernatur amet maiores ab explicabo. Beatae non eos illum corporis omnis ipsam dolor. Officia et ut ipsum nihil exercitationem. Recusandae aut neque vitae itaque laboriosam.', 0, '2018-11-30 05:05:30', '2018-11-30 05:05:30'),
(47, 21, 'Prof. Nicolette Runte Jr.', 'Sit nihil ut ipsa aut quam possimus voluptatibus. Quasi dignissimos vitae inventore provident quidem pariatur. Molestias eius maiores reiciendis iste aut fugit minus.', 4, '2018-11-30 05:05:30', '2018-11-30 05:05:30'),
(48, 25, 'Velma Franecki', 'Atque dolores sunt repellendus nisi tempora. Saepe voluptatem inventore eos odit similique. Eius qui qui sint non rerum omnis laudantium.', 5, '2018-11-30 05:05:30', '2018-11-30 05:05:30'),
(49, 4, 'Dr. Maiya Klocko', 'Quibusdam facilis ipsam alias aliquid ut quia. Repellendus voluptate est provident consectetur. Delectus qui dolorem totam unde.', 4, '2018-11-30 05:05:30', '2018-11-30 05:05:30'),
(50, 13, 'Mrs. Vickie Hamill II', 'Omnis repellendus iusto placeat voluptas consectetur. Corporis illum iure sed omnis provident eos sequi. Quos rerum itaque non non.', 5, '2018-11-30 05:05:30', '2018-11-30 05:05:30'),
(51, 9, 'Delores Romaguera', 'Voluptas repellendus aut nemo voluptas iusto id. Eos est rem sit quae voluptatum vel. Et rem atque porro. Est sunt magnam neque sapiente expedita qui animi.', 2, '2018-11-30 05:05:30', '2018-11-30 05:05:30'),
(52, 28, 'Verda Kling', 'Et vel perspiciatis ea tempore blanditiis aliquid. Sed eum est qui in esse debitis nobis. Pariatur reprehenderit non et vel sunt ex. Velit laudantium quasi vero corrupti pariatur qui vel. Aliquid dolorem dignissimos aut ab.', 1, '2018-11-30 05:05:30', '2018-11-30 05:05:30'),
(53, 38, 'Jayde Stroman', 'Quia aspernatur pariatur qui ipsa aut adipisci. Quidem quia dolores vitae. Rerum neque voluptatem vitae vero. At culpa esse aut quo.', 0, '2018-11-30 05:05:30', '2018-11-30 05:05:30'),
(54, 23, 'Jamie Hermiston', 'Alias enim voluptatem dolorem nihil corporis quia iste consequuntur. Deleniti explicabo vel consequatur quia. Praesentium ut qui enim in.', 3, '2018-11-30 05:05:31', '2018-11-30 05:05:31'),
(55, 25, 'Arnulfo O\'Reilly', 'Libero quod doloribus natus beatae nam numquam numquam. Eos quia voluptatem ea officiis.', 5, '2018-11-30 05:05:31', '2018-11-30 05:05:31'),
(56, 34, 'Mrs. Carissa Hauck PhD', 'Ipsa eius quis vel. Iusto velit perferendis ea voluptatem et consequatur officia ex. Consectetur quas voluptates esse inventore cum molestiae.', 0, '2018-11-30 05:05:31', '2018-11-30 05:05:31'),
(57, 20, 'Walter Casper', 'Dicta molestias error aliquam reprehenderit ab iste sit. Et qui saepe et officia deserunt. Quisquam voluptate eius similique debitis vel corrupti id. Earum est cupiditate eveniet deleniti.', 4, '2018-11-30 05:05:31', '2018-11-30 05:05:31'),
(58, 41, 'Cassidy Kihn', 'Voluptatem soluta omnis suscipit sed. In dicta officia voluptatem. Incidunt esse ut odit magnam esse delectus. Repellendus et eum harum. Optio eum ut suscipit illum mollitia illum asperiores delectus.', 3, '2018-11-30 05:05:31', '2018-11-30 05:05:31'),
(59, 34, 'Abigail Herzog', 'Expedita iusto ut eligendi veritatis optio cupiditate quaerat. Iure earum temporibus aliquam vero aut. Magnam est ut in ex porro molestiae.', 3, '2018-11-30 05:05:31', '2018-11-30 05:05:31'),
(60, 24, 'Mrs. Katarina Kautzer', 'Iusto earum mollitia consequatur. Voluptas debitis natus suscipit sint. Voluptatem minus eveniet aspernatur quis iste eos dolorem soluta. Nisi quibusdam cumque doloremque sint non.', 0, '2018-11-30 05:05:31', '2018-11-30 05:05:31'),
(61, 25, 'Rebecca Mertz', 'Et quis id et dolorem. Suscipit velit omnis et dolor autem a. Quo consequuntur aspernatur dolor atque aut. Quidem qui inventore ullam repellat fuga.', 2, '2018-11-30 05:05:31', '2018-11-30 05:05:31'),
(62, 16, 'Mr. Ahmed Wolff PhD', 'Harum explicabo nostrum ipsum dolores beatae. Qui odio numquam consequatur excepturi repudiandae. Sit inventore nobis hic quasi repellat. Blanditiis eos iure sint.', 4, '2018-11-30 05:05:31', '2018-11-30 05:05:31'),
(63, 16, 'Elsa Runolfsson', 'Officia non mollitia temporibus modi. Neque voluptas non et.', 4, '2018-11-30 05:05:31', '2018-11-30 05:05:31'),
(64, 16, 'Lina Hayes', 'Inventore sed quod sit non possimus. At molestias similique qui qui quibusdam nihil ut molestiae. Et ab eligendi voluptatum esse id sapiente ducimus.', 1, '2018-11-30 05:05:31', '2018-11-30 05:05:31'),
(65, 31, 'Dr. Rick Muller', 'Tenetur laboriosam qui cum dolor perferendis ducimus voluptatem. Suscipit dolores ut qui nostrum vitae earum. Rerum velit neque et ratione.', 5, '2018-11-30 05:05:31', '2018-11-30 05:05:31'),
(66, 43, 'Celestine Lueilwitz', 'Et sapiente consequatur soluta eius id. Id at sapiente qui sit alias aut ad. Nisi quod quo aut cupiditate est corporis. Error facere nam aperiam beatae nam sint.', 3, '2018-11-30 05:05:31', '2018-11-30 05:05:31'),
(67, 36, 'Creola Nader', 'Quos officia et consequatur reprehenderit deserunt et. Accusantium repudiandae porro quam corrupti.', 0, '2018-11-30 05:05:31', '2018-11-30 05:05:31'),
(68, 40, 'Raleigh Grimes', 'Consequatur illum id quo aliquid eos. Vel numquam corrupti minus sit et quod porro. Dolorem sunt minus quaerat suscipit autem. Perspiciatis quia tempore doloribus rerum.', 4, '2018-11-30 05:05:31', '2018-11-30 05:05:31'),
(69, 3, 'Prof. Carole Schimmel', 'Est dicta qui dignissimos magni molestiae maiores rerum. Velit distinctio repudiandae nihil eligendi. Pariatur eum consequatur velit nulla iusto rerum fugit. Perferendis vel sed deserunt ipsam.', 2, '2018-11-30 05:05:31', '2018-11-30 05:05:31'),
(70, 32, 'Mr. Evert O\'Kon PhD', 'Nihil accusamus accusantium possimus perferendis. Ad sunt ut eveniet veritatis officiis expedita. Eum rerum quas nam doloribus. Et labore aut asperiores ipsa distinctio autem praesentium.', 3, '2018-11-30 05:05:31', '2018-11-30 05:05:31'),
(71, 5, 'Jean Fahey', 'Expedita exercitationem consequatur voluptatem voluptatem natus pariatur pariatur ullam. Unde accusamus nobis sint rerum laudantium. Et voluptas fuga facilis neque.', 0, '2018-11-30 05:05:31', '2018-11-30 05:05:31'),
(72, 13, 'Elisa Kling', 'Est quia quia maiores labore accusamus. Cum non et possimus eos non. Modi et blanditiis exercitationem quis et quod. Ut fuga dolor quod saepe.', 0, '2018-11-30 05:05:31', '2018-11-30 05:05:31'),
(73, 4, 'Evan Ledner', 'Repellat pariatur ea repudiandae et voluptatem id libero. Expedita quisquam temporibus labore quia cupiditate impedit voluptatum. Cumque esse deleniti blanditiis ipsum facilis.', 4, '2018-11-30 05:05:31', '2018-11-30 05:05:31'),
(74, 17, 'Cassie Schultz II', 'Architecto id ad culpa et pariatur qui fuga voluptatem. Excepturi incidunt ab quo quo quae dignissimos optio. Quam velit qui ut deleniti. Quia sed ipsa alias enim velit quis adipisci.', 1, '2018-11-30 05:05:31', '2018-11-30 05:05:31'),
(75, 11, 'Ruben Romaguera', 'Voluptatem dolores et voluptas voluptatum. Perspiciatis ut aperiam doloremque illum optio tenetur. Dicta animi assumenda expedita reiciendis nulla ducimus quam. Et non fugit voluptas.', 1, '2018-11-30 05:05:31', '2018-11-30 05:05:31'),
(76, 25, 'Prof. Jaylen Leannon', 'Nesciunt exercitationem sit eius numquam veniam aperiam doloremque. Corrupti expedita velit quod est voluptates. Laborum quaerat placeat repellat facilis mollitia suscipit qui quis. Repudiandae cupiditate qui eum corrupti ea aut.', 2, '2018-11-30 05:05:31', '2018-11-30 05:05:31'),
(77, 19, 'Shanna Davis', 'Rem totam quae velit explicabo eos dolorem cum suscipit. Ut possimus soluta ducimus quisquam magnam qui. Voluptas dolores corporis temporibus nesciunt sunt. Ipsa ut natus dolore aperiam distinctio non sit.', 1, '2018-11-30 05:05:31', '2018-11-30 05:05:31'),
(78, 33, 'Cecilia Kilback', 'Neque dolores omnis autem ipsa rerum veniam repellat facilis. Dolor illum molestias adipisci. Maxime commodi amet quas.', 2, '2018-11-30 05:05:31', '2018-11-30 05:05:31'),
(79, 20, 'Bert Rutherford', 'Dolorem illum voluptas nam autem dolores et cupiditate. In expedita ea labore dolore est fuga sit corporis.', 1, '2018-11-30 05:05:31', '2018-11-30 05:05:31'),
(80, 13, 'Mortimer Abshire PhD', 'Accusantium unde distinctio autem numquam. Provident ipsam quaerat reiciendis ea. Ab a consequatur sit aperiam ut accusamus. Quia non eum unde expedita nihil quasi. Quaerat reprehenderit modi laudantium rerum.', 4, '2018-11-30 05:05:31', '2018-11-30 05:05:31'),
(81, 38, 'Ms. Viva Sauer', 'Quis inventore fuga labore occaecati enim voluptate distinctio. Et ut reiciendis est beatae enim ullam. Quam adipisci omnis quasi libero et ut est. Reprehenderit sequi esse eius asperiores vel.', 3, '2018-11-30 05:05:31', '2018-11-30 05:05:31'),
(82, 1, 'Queen Wilderman', 'Accusamus facilis atque numquam possimus. Rerum libero quam repellat voluptatem fuga. Assumenda aut adipisci laborum velit culpa est a. Sit quibusdam tenetur quaerat unde id.', 4, '2018-11-30 05:05:31', '2018-11-30 05:05:31'),
(83, 35, 'Jovani Walter', 'Impedit autem ea at eius et. Saepe earum atque reprehenderit ut perspiciatis. Rerum sapiente voluptatem est. Quas quae accusamus id.', 4, '2018-11-30 05:05:31', '2018-11-30 05:05:31'),
(84, 31, 'Kelvin Kilback', 'Vel consequuntur nobis enim quo eum aut. Ut quia corporis at quia tenetur eum dolores. Ex facilis magnam explicabo ut minima ipsum ea. Quod quas fugiat officiis mollitia minima sed at.', 3, '2018-11-30 05:05:31', '2018-11-30 05:05:31'),
(85, 20, 'Otho Welch', 'Unde earum tempora voluptas. Perferendis ratione ipsam facere qui voluptas. Minus minima consequuntur quas quam.', 0, '2018-11-30 05:05:31', '2018-11-30 05:05:31'),
(86, 17, 'Deshaun Hammes', 'Quisquam velit eum et. Adipisci ipsam dolorem repellat sit quas dicta.', 4, '2018-11-30 05:05:31', '2018-11-30 05:05:31'),
(87, 5, 'Elisha Leannon Sr.', 'Itaque et velit et quibusdam nisi voluptatem perferendis. Voluptatum culpa cum nam fuga. Ipsum quia saepe architecto sint modi.', 2, '2018-11-30 05:05:31', '2018-11-30 05:05:31'),
(88, 34, 'Alisha Herzog MD', 'Eos amet voluptas alias ut. Sunt fugiat dicta minus alias autem. Inventore voluptas voluptatem amet quia est animi voluptas. Quia at ducimus iure mollitia.', 5, '2018-11-30 05:05:31', '2018-11-30 05:05:31'),
(89, 29, 'Kyler Wisozk', 'Occaecati eveniet molestiae commodi aspernatur odio. Fuga blanditiis rerum qui. Enim quo enim aut accusamus neque.', 2, '2018-11-30 05:05:31', '2018-11-30 05:05:31'),
(90, 28, 'Lenora Veum', 'In architecto quas porro doloremque sit qui. Neque odit aperiam est. Enim non omnis sit id. Quaerat quaerat quae aliquid saepe aliquid minima.', 5, '2018-11-30 05:05:31', '2018-11-30 05:05:31'),
(91, 39, 'Porter Schultz V', 'Sequi eum est aut. Dolore cum quia asperiores. Eum tenetur voluptate fugit qui.', 2, '2018-11-30 05:05:31', '2018-11-30 05:05:31'),
(92, 36, 'Cory Goyette', 'Et veniam et dolorem et. Iure et quod reiciendis qui eaque dignissimos. Deserunt distinctio nobis aliquid voluptatem.', 1, '2018-11-30 05:05:31', '2018-11-30 05:05:31'),
(93, 28, 'Dr. Gilda Kovacek', 'Et quod impedit optio quia. Magnam repellat qui necessitatibus adipisci beatae est. Molestiae expedita accusamus qui aut. Voluptatem qui nihil eum.', 3, '2018-11-30 05:05:31', '2018-11-30 05:05:31'),
(94, 13, 'Bartholome Bahringer', 'Et voluptate omnis ut voluptatem quaerat et aut. Harum reiciendis praesentium et recusandae placeat hic. Occaecati id magni voluptas sapiente facere. Odio maxime illum odio et qui in accusantium atque. Optio autem ex tempora non voluptatem.', 3, '2018-11-30 05:05:31', '2018-11-30 05:05:31'),
(95, 13, 'Nathaniel Abernathy', 'Perspiciatis aut sapiente tempora error sint. Natus quia inventore ab quia. Sed omnis officia nihil consequuntur. Libero delectus quia occaecati libero.', 2, '2018-11-30 05:05:31', '2018-11-30 05:05:31'),
(96, 18, 'Mr. Bailey Jast', 'Eum dolor dicta eum eos. Magni illo at aut minima quia. Consectetur exercitationem cum quibusdam. Modi itaque sunt unde consequatur saepe deserunt ipsum.', 4, '2018-11-30 05:05:31', '2018-11-30 05:05:31'),
(97, 21, 'Dr. Carli Ward', 'Similique atque reiciendis sint aut accusantium laudantium assumenda. Rem saepe fugiat quia nam. Occaecati nam unde neque nobis officiis quae. Sit quaerat unde et.', 1, '2018-11-30 05:05:31', '2018-11-30 05:05:31'),
(98, 18, 'Sasha Schamberger', 'Autem temporibus nihil quia suscipit est earum eveniet. Laudantium aut incidunt nobis alias doloribus distinctio velit. Aut velit iste eos.', 5, '2018-11-30 05:05:32', '2018-11-30 05:05:32'),
(99, 38, 'Dr. Geraldine Ruecker', 'Dolore praesentium architecto et labore. Consequuntur occaecati non et ipsam quas velit.', 5, '2018-11-30 05:05:32', '2018-11-30 05:05:32'),
(100, 30, 'Lucio Mante', 'Autem quia voluptatem consequatur quo numquam ut. Quis voluptatem repudiandae error ducimus ex exercitationem error. Et est repellat et laboriosam ipsam reiciendis.', 0, '2018-11-30 05:05:32', '2018-11-30 05:05:32'),
(101, 11, 'Dr. Damion Champlin', 'Nisi accusamus tempore illo aut molestiae. Autem iusto eveniet ea aperiam. Beatae consequatur quidem possimus architecto quia fugit. Dolorum ipsam itaque aperiam vero.', 1, '2018-11-30 05:05:32', '2018-11-30 05:05:32'),
(102, 16, 'Nathen Durgan', 'Voluptatem dolor nemo quia omnis veritatis aut ipsam. Natus hic nulla amet voluptatem ratione aut facilis. Ut rerum quisquam rem tenetur recusandae.', 0, '2018-11-30 05:05:32', '2018-11-30 05:05:32'),
(103, 47, 'Mrs. Mittie Kirlin DVM', 'Nisi illum vel neque quia asperiores ullam iure. Porro dicta totam et consectetur. Ut non beatae doloribus.', 1, '2018-11-30 05:05:32', '2018-11-30 05:05:32'),
(104, 32, 'Davion Kozey Jr.', 'Reprehenderit exercitationem voluptatem quo doloribus veniam error. Amet amet ea dolorum nemo molestiae. Eaque animi iure aut quos in asperiores consequatur.', 4, '2018-11-30 05:05:32', '2018-11-30 05:05:32'),
(105, 31, 'Nyasia Feeney', 'Cupiditate molestiae et ipsum dolorem quo et repudiandae. Cumque molestias quasi nesciunt ex autem. Voluptatem omnis beatae dolorum nostrum a. Ipsam consequuntur dolore debitis magni.', 4, '2018-11-30 05:05:32', '2018-11-30 05:05:32'),
(106, 5, 'Mrs. Prudence Carter', 'Dolorum autem rerum eveniet accusamus facilis consequatur sequi. Facere ad eos ut error. Et ullam enim voluptatibus sed blanditiis.', 0, '2018-11-30 05:05:32', '2018-11-30 05:05:32'),
(107, 24, 'Gregoria Luettgen DDS', 'Voluptatibus consequatur exercitationem eos rerum. Delectus nihil et placeat. Totam maxime et magnam. Nam velit officiis eligendi molestiae incidunt.', 0, '2018-11-30 05:05:32', '2018-11-30 05:05:32'),
(108, 23, 'Halle Waelchi', 'Et eum omnis magni cum vitae sed distinctio. Perspiciatis sequi sed rerum. Officiis totam ad debitis vel.', 5, '2018-11-30 05:05:32', '2018-11-30 05:05:32'),
(109, 17, 'Conner Corkery', 'Itaque illo voluptatem magni dolor cum veritatis. Repellat nulla dignissimos nulla alias voluptatum et adipisci numquam. Ullam tempora voluptas delectus et voluptatem ipsa velit et. Laboriosam numquam qui praesentium optio ut praesentium qui.', 4, '2018-11-30 05:05:32', '2018-11-30 05:05:32'),
(110, 49, 'Prof. Elmer Considine V', 'Eum in rerum soluta aut dolore blanditiis quaerat officiis. Porro blanditiis dignissimos quia ullam. Ut nihil explicabo molestiae consequatur laudantium quia placeat.', 4, '2018-11-30 05:05:32', '2018-11-30 05:05:32'),
(111, 10, 'Hilda Kuhn', 'Reprehenderit sint at consectetur omnis. Velit nobis omnis qui soluta ex consequatur minima. Atque dolores tenetur qui. Iure natus veniam dolores occaecati dolores ipsam quis. Eveniet quo explicabo ducimus vitae illum quo possimus nostrum.', 5, '2018-11-30 05:05:32', '2018-11-30 05:05:32'),
(112, 41, 'Mr. Trace Lind', 'Dolorem eligendi voluptas adipisci quo iste est quo. Omnis ullam saepe commodi itaque voluptatum. Dolor aliquam laudantium qui eos.', 1, '2018-11-30 05:05:32', '2018-11-30 05:05:32'),
(113, 46, 'Florence Walter', 'Sint nemo sunt qui aut quas quisquam voluptates nesciunt. Ut tempora voluptas dolores quia consequatur pariatur ullam. Velit ipsam eligendi qui minima in ullam.', 1, '2018-11-30 05:05:32', '2018-11-30 05:05:32'),
(114, 32, 'Janet Shanahan', 'In deserunt dolorem eaque aut eum. Eius qui non molestias et et iure non. Nisi quidem id ullam accusantium. Fugit delectus sed et quis consequatur neque accusantium.', 3, '2018-11-30 05:05:32', '2018-11-30 05:05:32'),
(115, 24, 'Luigi Bins', 'Nisi id architecto enim voluptas nostrum. Praesentium aliquid voluptatum maiores nesciunt non nihil accusantium qui. Ut repudiandae ut animi enim est in. Assumenda odit magni dolor accusantium.', 4, '2018-11-30 05:05:32', '2018-11-30 05:05:32'),
(116, 16, 'Ms. Santina Medhurst DVM', 'Consequatur voluptatem molestias quidem alias velit dicta cupiditate. Ut cupiditate neque voluptates dolorem voluptatum qui vitae. Sit ipsam qui sunt voluptatibus possimus. Eius consequuntur earum reprehenderit dolor temporibus.', 3, '2018-11-30 05:05:32', '2018-11-30 05:05:32'),
(117, 49, 'Percy Stark', 'Occaecati quis et fugiat voluptatem enim. Vel a porro nobis possimus cupiditate. Maxime et et molestias ut.', 5, '2018-11-30 05:05:32', '2018-11-30 05:05:32'),
(118, 47, 'Tommie Reichert', 'Aut alias explicabo occaecati dolorem et asperiores assumenda. Dolore earum sed quisquam temporibus velit quia. Nam occaecati quo nobis ipsam iusto necessitatibus iste.', 0, '2018-11-30 05:05:32', '2018-11-30 05:05:32'),
(119, 7, 'Dr. Victor Gottlieb', 'Aliquam eum minus rerum. Maxime et sit enim odio eum accusamus. Necessitatibus doloremque eius est autem sit. Cupiditate dolor aut dolorem fugiat officia beatae et.', 2, '2018-11-30 05:05:32', '2018-11-30 05:05:32'),
(120, 46, 'Claude Moore', 'Ex praesentium fugiat incidunt pariatur omnis. In explicabo et aspernatur consequatur totam et. Voluptatem aliquid praesentium sed temporibus quaerat. Iure aut repellendus voluptatibus quo.', 0, '2018-11-30 05:05:32', '2018-11-30 05:05:32'),
(121, 47, 'Wanda O\'Keefe Sr.', 'Eum corrupti sunt et voluptatem reprehenderit. Perspiciatis occaecati maiores ut autem vel at. Delectus voluptatibus ea neque aperiam quis et ipsam aut. Asperiores doloribus nobis optio qui.', 5, '2018-11-30 05:05:32', '2018-11-30 05:05:32'),
(122, 4, 'Prof. Marcia Armstrong I', 'Molestiae impedit unde praesentium. Itaque et unde quia consectetur voluptatem. Saepe voluptatem ut dolores nihil.', 1, '2018-11-30 05:05:32', '2018-11-30 05:05:32'),
(123, 40, 'Fanny Price', 'Mollitia aut reiciendis totam ut dolor eligendi vero. Eos debitis sed quia quisquam ad repudiandae delectus. Voluptates pariatur expedita doloribus nihil dignissimos occaecati.', 2, '2018-11-30 05:05:32', '2018-11-30 05:05:32'),
(124, 15, 'Wilfred Steuber', 'Tempore alias soluta vel est voluptatem. Esse ut qui qui deserunt. Sapiente eligendi eum odit fugiat ea libero. Animi dicta labore atque iure.', 1, '2018-11-30 05:05:32', '2018-11-30 05:05:32'),
(125, 5, 'Dr. Haven Kiehn III', 'Rerum beatae ut ea vel quis ut voluptatem. Nihil perspiciatis qui aut repellendus. Nostrum id soluta natus et non. Exercitationem culpa tempora exercitationem quae rerum.', 5, '2018-11-30 05:05:32', '2018-11-30 05:05:32'),
(126, 4, 'Anastacio Legros', 'Non ut laudantium beatae earum. Quaerat et magni ducimus. Quidem tempore hic architecto qui. Fugit magnam assumenda quia velit reiciendis non vel.', 3, '2018-11-30 05:05:32', '2018-11-30 05:05:32'),
(127, 40, 'Birdie Jenkins', 'Quae rerum qui officiis modi iste blanditiis quisquam hic. Velit aspernatur qui reprehenderit sint. Tempore qui dolore accusamus itaque sit sed.', 5, '2018-11-30 05:05:32', '2018-11-30 05:05:32'),
(128, 41, 'Miss Minnie Huel', 'Ipsa adipisci suscipit quia. Excepturi quia velit omnis molestias. Cumque dolor iure dolores amet.', 5, '2018-11-30 05:05:32', '2018-11-30 05:05:32'),
(129, 22, 'Edward Lubowitz', 'Nisi commodi adipisci dolores provident. Error animi tempore expedita ratione possimus deleniti. Corrupti omnis possimus recusandae repellendus modi dolorum.', 1, '2018-11-30 05:05:32', '2018-11-30 05:05:32'),
(130, 29, 'Bryana Haag', 'Et itaque totam rerum illo repellat itaque sit rem. Praesentium ut optio praesentium cupiditate est quos. Aut sed rerum repudiandae facere deleniti fuga enim. Saepe magni odit quas dolor cumque eum consequatur.', 4, '2018-11-30 05:05:32', '2018-11-30 05:05:32'),
(131, 33, 'Christopher Schowalter III', 'Est sunt eligendi eos. Et facere harum beatae ut ut a id. Ipsa necessitatibus corrupti beatae quaerat voluptas dolorem consequatur. Voluptatem cumque et quis commodi esse atque.', 2, '2018-11-30 05:05:32', '2018-11-30 05:05:32'),
(132, 26, 'Gaetano Okuneva', 'Nulla reiciendis quia natus aut aperiam atque dolores. Qui perferendis nisi et aut voluptatum eos necessitatibus. Accusamus modi cumque voluptas ut totam autem voluptatibus.', 2, '2018-11-30 05:05:32', '2018-11-30 05:05:32'),
(133, 35, 'Javon Lang', 'Delectus id ullam sapiente accusamus dicta omnis aliquam. Aliquid quis error ipsa quo ratione ea eligendi. Necessitatibus repellendus consequatur quidem sapiente dolor ipsa. Accusamus sit ut corporis aperiam omnis nesciunt fugit. Autem tenetur voluptatem dignissimos omnis.', 5, '2018-11-30 05:05:32', '2018-11-30 05:05:32'),
(134, 20, 'Ova Jacobson', 'Ut nisi nobis ipsam ex autem. Nemo laudantium fuga omnis corporis rerum. Velit voluptas ut aperiam porro at iste. Autem exercitationem consequuntur iusto perferendis sed optio dolore in.', 4, '2018-11-30 05:05:32', '2018-11-30 05:05:32'),
(135, 25, 'Dandre Cremin MD', 'Occaecati magnam eos libero harum assumenda ipsam. In voluptatem suscipit dolor expedita ipsa. Iure autem sit rem optio aspernatur earum aut dicta. Autem qui tempora et voluptatem. Atque est nulla autem sit.', 2, '2018-11-30 05:05:32', '2018-11-30 05:05:32'),
(136, 42, 'Roxanne Miller', 'Asperiores consequatur explicabo eos eum dolores. Molestiae enim provident ut sunt voluptatum aperiam. Voluptate culpa quae praesentium quam fugit asperiores. Soluta natus ipsa illum aut labore eligendi. Earum consequatur placeat neque vitae non quasi.', 4, '2018-11-30 05:05:32', '2018-11-30 05:05:32'),
(137, 40, 'Kelton Lang DDS', 'Doloremque accusamus atque tempora vero dicta. Voluptatem qui sequi tempore dignissimos. Quia ut qui iusto facilis. Nihil animi cumque accusamus atque.', 5, '2018-11-30 05:05:32', '2018-11-30 05:05:32'),
(138, 17, 'Arvilla Hagenes', 'Ducimus dolor laudantium omnis omnis ad voluptas exercitationem et. Et dolorum ex quia nobis exercitationem quo magni ipsum. Pariatur animi earum accusantium error. Cupiditate debitis quos non ut.', 1, '2018-11-30 05:05:32', '2018-11-30 05:05:32'),
(139, 34, 'Fae Feeney V', 'Eum est quia iste et culpa quis consequatur. Corporis alias quia occaecati cum mollitia et qui. Ab ut assumenda placeat ea voluptas aut sit. Assumenda deleniti ab quia sed atque repellat.', 0, '2018-11-30 05:05:32', '2018-11-30 05:05:32'),
(140, 48, 'Iva Schuppe', 'Nesciunt autem occaecati voluptates facilis culpa non ut reiciendis. Voluptatum in dicta dolorem. Quos sint libero voluptatum occaecati qui alias enim.', 5, '2018-11-30 05:05:32', '2018-11-30 05:05:32'),
(141, 22, 'Brown Hirthe', 'Quas perspiciatis dolorum laboriosam doloremque nostrum veritatis blanditiis. Harum excepturi nulla quos. Debitis sit qui quia dolore ut doloribus. Ipsa non reprehenderit eos quia consequuntur ab.', 3, '2018-11-30 05:05:32', '2018-11-30 05:05:32'),
(142, 28, 'Murphy Runte', 'Nihil est maiores rerum est rem consequatur. Sit rerum aut aut tempore velit inventore voluptatibus. Odio aut modi qui eum ducimus enim.', 0, '2018-11-30 05:05:32', '2018-11-30 05:05:32'),
(143, 39, 'Selena Schimmel', 'Rerum veritatis unde veritatis hic. Beatae iste enim alias. Excepturi voluptatibus dolor quibusdam molestias eum numquam. Harum doloribus id exercitationem.', 2, '2018-11-30 05:05:32', '2018-11-30 05:05:32'),
(144, 14, 'Dr. Zola Keeling III', 'Consequatur qui id totam porro corporis asperiores et. Praesentium sed dolorum cupiditate asperiores veritatis repellat. Velit laboriosam minima voluptatibus. Amet vitae at magni animi. Ad aperiam perspiciatis maiores et eaque labore.', 1, '2018-11-30 05:05:32', '2018-11-30 05:05:32'),
(145, 11, 'Holden Bode DVM', 'Corporis impedit eveniet sed est nam. Asperiores sunt dolor occaecati qui vel cumque. Provident officia vel in repellendus sunt officia. Animi aut et consectetur.', 1, '2018-11-30 05:05:32', '2018-11-30 05:05:32'),
(146, 37, 'Beth Daugherty', 'Amet assumenda sapiente facere. Sit placeat beatae totam quibusdam veritatis nihil assumenda. Omnis possimus et fuga quia. Aliquam harum iusto aut voluptas tenetur quia.', 1, '2018-11-30 05:05:32', '2018-11-30 05:05:32'),
(147, 1, 'Zander Quitzon II', 'Fugiat accusamus labore autem et. Possimus fugit accusantium modi omnis qui perferendis. Impedit et et quidem nostrum.', 1, '2018-11-30 05:05:33', '2018-11-30 05:05:33'),
(148, 8, 'Prof. Agustin Wilderman', 'Omnis beatae omnis aliquid eius corporis expedita voluptatem eos. Cumque voluptate est natus.', 3, '2018-11-30 05:05:33', '2018-11-30 05:05:33'),
(149, 46, 'Clementine Hammes', 'Fugit odit culpa quia itaque. Laboriosam possimus ea soluta cumque ex velit magnam. Eos adipisci ipsa iste blanditiis nisi eum molestiae sed.', 3, '2018-11-30 05:05:33', '2018-11-30 05:05:33'),
(150, 5, 'Emilia Kihn', 'Iste quidem optio fugit alias. Quibusdam quod ab fuga maxime accusamus. Ratione tempora ut hic quae vel quo.', 1, '2018-11-30 05:05:33', '2018-11-30 05:05:33'),
(151, 6, 'Miss Zetta Heaney', 'Perspiciatis velit qui et ab est magnam similique. Quam ea ullam architecto vel quaerat. Recusandae quo modi nobis omnis voluptatem dolor tempora. Quasi modi sed impedit porro.', 1, '2018-11-30 05:05:33', '2018-11-30 05:05:33'),
(152, 26, 'Veda Thiel', 'Voluptatem eaque nobis quia in perferendis et. Placeat quis iusto ea et maiores animi mollitia. Consequuntur ex dolores aliquam culpa accusantium aut et. Harum sunt eligendi minus. Laudantium voluptatem ut expedita aut a.', 2, '2018-11-30 05:05:33', '2018-11-30 05:05:33'),
(153, 8, 'Hector Boehm', 'Necessitatibus voluptate molestiae sit enim cum velit excepturi. Officia delectus eius fugit hic et iste ut. Qui voluptatem numquam inventore nostrum. Aut dolorum ut id sunt neque ex repellendus.', 2, '2018-11-30 05:05:33', '2018-11-30 05:05:33'),
(154, 33, 'Patsy Gusikowski', 'Qui ut autem nemo sint et atque quia. Voluptatem eos magni dolores maxime vel recusandae laboriosam facilis. Dolor aut minima voluptatem dolorem ipsam quis.', 0, '2018-11-30 05:05:33', '2018-11-30 05:05:33'),
(155, 32, 'Tatyana Sauer', 'Et illo provident est ab deserunt. Delectus aliquam commodi earum. Adipisci qui porro nesciunt odit omnis. Ut amet ipsum sit asperiores autem.', 2, '2018-11-30 05:05:33', '2018-11-30 05:05:33'),
(156, 49, 'Dr. Kelsi Quitzon', 'Non quam vel eos ullam eveniet enim. Similique ipsum aut voluptates vitae quia quae. Et et sed odit atque animi.', 4, '2018-11-30 05:05:33', '2018-11-30 05:05:33'),
(157, 7, 'Dr. Jada Haley MD', 'Eaque neque quod quidem est sunt. Praesentium temporibus dolor architecto soluta optio pariatur et sunt. Enim saepe quod debitis.', 1, '2018-11-30 05:05:33', '2018-11-30 05:05:33'),
(158, 30, 'Oscar Senger', 'Dolores in officiis fuga culpa quos excepturi. Tempore doloribus doloremque animi. Maiores rerum veritatis tenetur consectetur labore eum minus. Voluptatem deserunt non accusamus placeat veniam.', 0, '2018-11-30 05:05:33', '2018-11-30 05:05:33'),
(159, 43, 'Sabrina Metz', 'Et suscipit dicta non est sunt et est. Culpa ut non deserunt qui et et. Sed mollitia eligendi molestiae laudantium.', 5, '2018-11-30 05:05:33', '2018-11-30 05:05:33'),
(160, 1, 'Ms. Aliza Cronin', 'Quos nisi atque iure quidem et modi quia. Quis ut possimus deleniti autem quo. Dolorum aut quia officia rerum reiciendis totam. Velit magnam ex dolorem illo odit dolores excepturi.', 2, '2018-11-30 05:05:33', '2018-11-30 05:05:33'),
(161, 9, 'Mrs. Ada Moen V', 'Error animi sequi tempore enim. Reiciendis est sapiente totam ut distinctio aut rerum. Assumenda et numquam illo.', 3, '2018-11-30 05:05:33', '2018-11-30 05:05:33'),
(162, 33, 'Dr. Carolanne Yundt V', 'Id et unde dolorem a natus libero. Sapiente quo culpa sunt ut dicta qui tenetur et. Beatae sit libero dolorem. Sit dolor harum quo voluptatem dolorum ea.', 5, '2018-11-30 05:05:33', '2018-11-30 05:05:33'),
(163, 2, 'Bell Conn DVM', 'Laudantium dolore sed nobis odit ut sequi eum numquam. Dolores et consequuntur voluptate est. Omnis voluptatem veritatis voluptatum autem qui. Similique cupiditate amet nostrum delectus ipsum repellat.', 4, '2018-11-30 05:05:33', '2018-11-30 05:05:33'),
(164, 18, 'Wilbert Baumbach', 'Iusto et quia et ex laborum et. Voluptas neque cum eum eum quae. Eius dolorem sit aut vel repellat. Et placeat earum maiores in saepe aut et.', 5, '2018-11-30 05:05:33', '2018-11-30 05:05:33'),
(165, 20, 'Orval Erdman', 'Suscipit et sed veniam eaque provident. Ea esse facere quidem omnis dolor autem. Dolore rem voluptas non earum aperiam veniam ipsa quo.', 2, '2018-11-30 05:05:33', '2018-11-30 05:05:33'),
(166, 14, 'Claire Durgan', 'Adipisci enim sed deleniti earum. Molestiae expedita odit ut iste et. Et deserunt fugit repellendus est quae est tempore. Quo eos excepturi ea quo.', 2, '2018-11-30 05:05:33', '2018-11-30 05:05:33'),
(167, 23, 'Christian Rau', 'Fuga nam blanditiis a ut vel aut delectus. Sit et quod dolores dolorem ut. Labore necessitatibus rerum velit eveniet occaecati earum. Sunt sit excepturi deleniti saepe doloremque. Sed quibusdam minima et vero ipsam facere.', 1, '2018-11-30 05:05:33', '2018-11-30 05:05:33'),
(168, 34, 'Joey Williamson', 'Eos autem dolores qui magni eos autem vero. Omnis est voluptatem esse hic. Sit sequi ipsa unde voluptas eius. Quaerat odit quos error error occaecati qui.', 1, '2018-11-30 05:05:33', '2018-11-30 05:05:33'),
(169, 48, 'Brennon Maggio', 'Sed illum labore officia aut qui. Facilis rerum dolorum commodi deleniti nesciunt asperiores molestiae praesentium. Perferendis aut enim provident necessitatibus et consequuntur aut. Fuga est saepe quis delectus.', 5, '2018-11-30 05:05:33', '2018-11-30 05:05:33'),
(170, 16, 'Prof. Josephine Sporer', 'Cupiditate hic est in quos est. Voluptate voluptas omnis quidem unde id et. Sit impedit earum qui consequatur eum.', 5, '2018-11-30 05:05:33', '2018-11-30 05:05:33'),
(171, 19, 'Mrs. Annalise Torp DVM', 'Omnis quia nobis quae praesentium amet sequi aspernatur corporis. Qui beatae ad minus ullam a quaerat quasi. Dignissimos in laborum laborum illo nesciunt. Exercitationem voluptatibus quibusdam saepe aspernatur.', 3, '2018-11-30 05:05:33', '2018-11-30 05:05:33'),
(172, 46, 'Alfonzo Lubowitz DDS', 'Voluptatum sed voluptatem vel laudantium et corrupti. Voluptatem et odit qui non est sed iusto. Veritatis ut non sunt animi quo.', 5, '2018-11-30 05:05:33', '2018-11-30 05:05:33'),
(173, 46, 'Alice Leuschke', 'Qui ad fugiat quis tempora. Consequuntur quibusdam quam est culpa. Eos maiores rerum sapiente deleniti et necessitatibus. Sed quo at magni fuga cum minima eos.', 5, '2018-11-30 05:05:33', '2018-11-30 05:05:33'),
(174, 1, 'Dr. Moriah Okuneva III', 'Itaque natus tempore quidem deleniti voluptas ab animi. Libero aut voluptatem mollitia sed eius et ab. Quidem necessitatibus magnam reprehenderit autem. Ab minus et culpa facilis rerum ab.', 4, '2018-11-30 05:05:33', '2018-11-30 05:05:33'),
(175, 41, 'Dandre Kuphal DDS', 'Deleniti mollitia dolor sunt molestiae tenetur laboriosam. Pariatur animi et voluptas dolores consequatur. Et maxime rerum illum est et sunt mollitia.', 5, '2018-11-30 05:05:33', '2018-11-30 05:05:33'),
(176, 4, 'Dr. Virginia Altenwerth', 'Rem consectetur et repudiandae velit eaque id dicta. Dolores animi nisi vel voluptate vero. Doloribus enim ducimus consectetur rem ratione. Officia deleniti odio eveniet ut.', 0, '2018-11-30 05:05:33', '2018-11-30 05:05:33'),
(177, 22, 'Jacquelyn D\'Amore', 'Quam eum repudiandae cum repudiandae. Dolores rerum voluptatem cumque ipsum quis. Vel maxime dolor sapiente enim enim. Cumque molestiae ratione alias quidem error tempora.', 5, '2018-11-30 05:05:33', '2018-11-30 05:05:33'),
(178, 7, 'Alverta Kutch MD', 'Pariatur vitae doloribus quia voluptas velit assumenda adipisci. Ipsa maiores atque perspiciatis pariatur et odio et.', 5, '2018-11-30 05:05:33', '2018-11-30 05:05:33'),
(179, 27, 'Norene Haag', 'Dolor eum quidem officiis error. Culpa omnis nobis officia voluptates. Nulla impedit eligendi sint. Unde veniam pariatur aut nihil hic quod et.', 0, '2018-11-30 05:05:33', '2018-11-30 05:05:33'),
(180, 15, 'Rashad Christiansen III', 'Repellendus qui veritatis enim est dolor quia. Enim voluptatibus enim id deserunt reprehenderit ea sunt. Ad ullam distinctio quia quia voluptas accusantium. A velit deserunt soluta vel quia.', 4, '2018-11-30 05:05:33', '2018-11-30 05:05:33'),
(181, 17, 'Mr. Adolf Rutherford', 'Culpa nisi possimus eos quam. Nesciunt iste animi recusandae eos dolorem quia nihil. Rem nulla omnis eligendi ratione.', 3, '2018-11-30 05:05:33', '2018-11-30 05:05:33'),
(182, 48, 'Brooke Romaguera IV', 'Dolores ea temporibus eaque explicabo vero qui. Minima labore autem et sed eligendi. Illum voluptatum mollitia et ex numquam et. Sed sunt eaque aliquid sit modi eligendi.', 1, '2018-11-30 05:05:33', '2018-11-30 05:05:33'),
(183, 7, 'Simeon Gaylord', 'Quo voluptatum dolorem expedita ut explicabo illo. Distinctio porro sapiente dolorem iure ipsa consequatur ipsam. Sunt delectus rem harum voluptate tempore rerum temporibus. Molestias modi voluptatum quis neque suscipit explicabo non.', 0, '2018-11-30 05:05:33', '2018-11-30 05:05:33'),
(184, 12, 'Dr. Margaretta Greenfelder II', 'Quisquam nam odio sint quaerat accusantium nesciunt eligendi dolores. Voluptatem nesciunt voluptas cumque qui eius alias dolorem. Eaque tempore minima consectetur id nobis.', 2, '2018-11-30 05:05:33', '2018-11-30 05:05:33'),
(185, 16, 'Prof. Mallory Hermann I', 'Rem neque sequi autem iure quo ratione consequuntur. Odit deserunt et ut sed quibusdam voluptatem. Beatae minima et assumenda quo consectetur suscipit.', 4, '2018-11-30 05:05:33', '2018-11-30 05:05:33'),
(186, 38, 'Juliet Ferry', 'Odit doloremque rerum veritatis consequatur natus. Dicta voluptates vero sit consequuntur et ut modi. Similique itaque ullam beatae reiciendis ut aut dolor. Facilis iusto possimus perferendis error voluptas commodi asperiores.', 0, '2018-11-30 05:05:33', '2018-11-30 05:05:33'),
(187, 38, 'Sydnee Bednar IV', 'Laboriosam error illum itaque. Atque deserunt nobis sint doloremque.', 3, '2018-11-30 05:05:33', '2018-11-30 05:05:33'),
(188, 8, 'Mrs. Krystina Bogisich', 'Itaque nihil reprehenderit nihil vero id. Eligendi quo dolorem et ullam dolores. Recusandae eum deserunt ut maxime quasi impedit. Est perspiciatis architecto quisquam molestiae tempora.', 4, '2018-11-30 05:05:33', '2018-11-30 05:05:33'),
(189, 29, 'Ms. Rachel Swift MD', 'Fuga commodi delectus aspernatur. Et harum dolorum consequatur nisi et.', 1, '2018-11-30 05:05:33', '2018-11-30 05:05:33'),
(190, 24, 'Elroy Welch', 'Recusandae molestiae nulla sint quaerat doloremque eos. Impedit dolor neque at. Praesentium voluptas quod vel sit. Ea necessitatibus assumenda magni eos velit minima nihil voluptatem.', 3, '2018-11-30 05:05:33', '2018-11-30 05:05:33'),
(191, 33, 'Lia Lynch', 'Aut consectetur in repellat sint qui corporis. Voluptas illum maiores neque facilis quos blanditiis. Harum illum tempora velit eos in.', 5, '2018-11-30 05:05:33', '2018-11-30 05:05:33'),
(192, 33, 'Alessandra Gottlieb DVM', 'Doloribus quod dicta corrupti doloribus vero. Quia eaque dolorem quaerat consequatur et perferendis delectus est. Aut velit nihil quo velit facilis nihil. Explicabo placeat impedit dolore consequatur praesentium.', 3, '2018-11-30 05:05:33', '2018-11-30 05:05:33'),
(193, 5, 'Hazle Koelpin', 'Enim distinctio sit soluta. Ut tempore dolores omnis laudantium dolorem. Non voluptatum id quibusdam veniam aliquid dolorem.', 1, '2018-11-30 05:05:33', '2018-11-30 05:05:33'),
(194, 3, 'Earline Frami DVM', 'Perspiciatis accusantium consequatur nemo eligendi a inventore nobis assumenda. Harum et rerum rerum est. Et ut voluptatem nihil inventore dolorem.', 5, '2018-11-30 05:05:33', '2018-11-30 05:05:33'),
(195, 10, 'Mr. Pedro Hauck', 'Veritatis nemo neque sit provident blanditiis ducimus voluptas recusandae. Velit quae dolor ut sunt reprehenderit. Minima illo ipsam modi excepturi dolorem deserunt. Molestias recusandae optio ut doloremque.', 4, '2018-11-30 05:05:33', '2018-11-30 05:05:33'),
(196, 32, 'Jaqueline Carroll', 'Laudantium hic aut deserunt. Id accusamus odio quo corrupti ex.', 5, '2018-11-30 05:05:34', '2018-11-30 05:05:34'),
(197, 12, 'Delia Farrell', 'Ad in ad ullam amet sed ea ut. Facilis nihil aliquid reprehenderit a illo dolorem fugit et. Sit expedita veniam ut.', 5, '2018-11-30 05:05:34', '2018-11-30 05:05:34'),
(198, 33, 'Mrs. Monica Abbott Jr.', 'Voluptas ex atque quas vero voluptatibus voluptas incidunt. Officiis atque et facilis et.', 1, '2018-11-30 05:05:34', '2018-11-30 05:05:34'),
(199, 42, 'Cheyanne Feest Sr.', 'Necessitatibus aut unde autem nihil est itaque. Nam nostrum quo sequi qui nihil. Inventore aliquam dignissimos quia laboriosam blanditiis quaerat.', 4, '2018-11-30 05:05:34', '2018-11-30 05:05:34'),
(200, 46, 'Lon Pacocha', 'Alias esse laborum velit. Porro voluptatem et consequatur a incidunt blanditiis vel. Repellendus quas fugit consequatur voluptas commodi doloribus.', 0, '2018-11-30 05:05:34', '2018-11-30 05:05:34'),
(201, 10, 'Nathen Gleason', 'Qui cupiditate veritatis mollitia incidunt aliquid dolorum. Perferendis aut omnis sed soluta sequi dolore molestiae. Libero aut et id nobis est. Eos et quos sit.', 1, '2018-11-30 05:05:34', '2018-11-30 05:05:34'),
(202, 29, 'Tabitha Cremin', 'Quos non quos nobis consequuntur sed placeat. Explicabo quidem tempore ut aut. Fugit ab et quaerat. Mollitia sint ipsum occaecati qui hic error. At quidem eveniet dolorum tempore cupiditate.', 1, '2018-11-30 05:05:34', '2018-11-30 05:05:34'),
(203, 2, 'Erick Gulgowski', 'Consequatur voluptatem neque cumque ipsa. Est tenetur dolorem velit et eligendi. Consequatur et sunt veritatis exercitationem. Sed iure enim consequatur incidunt sint totam eius id.', 1, '2018-11-30 05:05:34', '2018-11-30 05:05:34'),
(204, 3, 'Ottis Kris II', 'Et rerum corporis quia et aspernatur quasi quos. Et vitae esse doloribus atque vel. Quia expedita ex perspiciatis consequatur assumenda omnis.', 1, '2018-11-30 05:05:34', '2018-11-30 05:05:34'),
(205, 20, 'Ms. Addie Kunze', 'Necessitatibus sapiente unde adipisci ab voluptatibus esse. Magnam veniam tenetur numquam est. Sint quisquam qui in aperiam sint.', 4, '2018-11-30 05:05:34', '2018-11-30 05:05:34'),
(206, 50, 'Kayla Heller', 'Ut sed molestiae et expedita. Qui voluptates nesciunt repellendus quo eveniet vel. Temporibus tenetur voluptas adipisci fugiat incidunt modi est quidem. Et maiores unde provident consequatur.', 0, '2018-11-30 05:05:34', '2018-11-30 05:05:34'),
(207, 28, 'Jerald Bogisich', 'Ad nemo consequatur expedita. Nam dolorem quas facilis voluptas quae deserunt est. Velit repellendus sint perferendis cumque.', 5, '2018-11-30 05:05:34', '2018-11-30 05:05:34'),
(208, 21, 'Rose Muller', 'Consequuntur qui quia ut aut. Impedit repudiandae enim blanditiis ut rerum itaque repellat. Qui est autem maiores.', 2, '2018-11-30 05:05:34', '2018-11-30 05:05:34');
INSERT INTO `reviews` (`id`, `product_id`, `customer`, `review`, `star`, `created_at`, `updated_at`) VALUES
(209, 13, 'Fernando Macejkovic DVM', 'Accusantium ducimus itaque voluptatem sed repudiandae quibusdam voluptate. Nihil maiores consequatur sunt inventore aliquam aliquid. Vero voluptatum qui voluptas nisi labore dolore qui.', 4, '2018-11-30 05:05:34', '2018-11-30 05:05:34'),
(210, 48, 'Ms. Rachael Ebert', 'Illo impedit consequuntur molestiae et aut aperiam. Voluptas unde assumenda repellendus ad natus doloribus. Aut cupiditate officiis occaecati consequatur dolorum maxime ut. Ab sint ratione voluptatem saepe animi quis.', 3, '2018-11-30 05:05:34', '2018-11-30 05:05:34'),
(211, 47, 'Prof. Ignatius Haag', 'Veritatis aut dolore maxime illum adipisci. Tenetur mollitia esse modi rerum ipsum. Porro similique dolore porro deleniti eos. Et cum autem laudantium aut voluptas a tenetur earum.', 2, '2018-11-30 05:05:34', '2018-11-30 05:05:34'),
(212, 17, 'Joy Reinger', 'Temporibus ratione excepturi ut dolor. Dignissimos fugiat distinctio vero sed ut et. Sed autem at explicabo autem. Eos quae odit aliquid ea aut.', 2, '2018-11-30 05:05:34', '2018-11-30 05:05:34'),
(213, 12, 'Dr. Lila Rodriguez V', 'Commodi unde odio molestiae. Harum atque omnis vel id quia libero culpa. Sunt expedita accusamus aliquam. Earum incidunt possimus distinctio eum aut voluptatem sunt.', 0, '2018-11-30 05:05:34', '2018-11-30 05:05:34'),
(214, 3, 'Guillermo Marvin', 'Eius laudantium ratione ipsa cumque fugit. Id iusto rerum rem soluta est. Qui quos magnam vero. Ipsam nisi unde possimus quos dolor sunt rem.', 4, '2018-11-30 05:05:34', '2018-11-30 05:05:34'),
(215, 34, 'Marshall Feeney', 'Dolores aut voluptatem nostrum omnis saepe. Qui ipsum iste dolor tempore. Sit hic magni distinctio voluptatem vel sunt.', 1, '2018-11-30 05:05:34', '2018-11-30 05:05:34'),
(216, 43, 'Prof. Granville Kling IV', 'Ducimus sit facere possimus aut. Cupiditate laboriosam ipsum et culpa rerum. Sit molestiae voluptas quo quis.', 5, '2018-11-30 05:05:34', '2018-11-30 05:05:34'),
(217, 12, 'Ariel Rolfson I', 'Aperiam voluptatem ipsum pariatur distinctio aut. Et cumque minima enim labore. Sed id officiis est qui quia nesciunt ea.', 3, '2018-11-30 05:05:34', '2018-11-30 05:05:34'),
(218, 16, 'Sasha Nolan', 'Assumenda autem id incidunt ab minima. Numquam omnis dolorem perferendis quis corrupti. Iusto distinctio porro consequuntur voluptatem.', 5, '2018-11-30 05:05:34', '2018-11-30 05:05:34'),
(219, 13, 'Noel Senger', 'Corporis odit maiores dicta voluptas magnam fuga doloribus quia. Est quae et officia laborum iure magnam assumenda.', 5, '2018-11-30 05:05:34', '2018-11-30 05:05:34'),
(220, 6, 'Dr. Marisa Wolff', 'Et eligendi aut voluptatem labore. Qui adipisci dolor quod et ut. Rerum accusamus nesciunt adipisci error provident cumque perferendis. Facilis reprehenderit enim velit fugiat architecto.', 3, '2018-11-30 05:05:34', '2018-11-30 05:05:34'),
(221, 25, 'Ryleigh Von', 'Delectus accusamus veniam delectus et id enim animi nisi. Quisquam distinctio ipsum mollitia enim asperiores at incidunt. Voluptatibus pariatur omnis nisi facilis eos repellat at. Quasi a qui cumque ut dolore.', 4, '2018-11-30 05:05:34', '2018-11-30 05:05:34'),
(222, 20, 'Davon Ziemann', 'Tempora aut animi in molestiae nemo sint quos. Temporibus laboriosam dignissimos quisquam omnis dolorem ex dolorem adipisci. Fugiat explicabo repudiandae quo omnis non autem sed nihil. Corporis porro delectus consequuntur exercitationem tempora iure.', 0, '2018-11-30 05:05:34', '2018-11-30 05:05:34'),
(223, 42, 'Eddie Heller Sr.', 'Modi labore et dolores voluptatem. Aut natus ad magnam doloremque incidunt aut. Aliquid quos facilis at.', 5, '2018-11-30 05:05:34', '2018-11-30 05:05:34'),
(224, 21, 'Sister Funk', 'Pariatur voluptatem nobis aspernatur excepturi dolores et. Reprehenderit sint ab consequatur non ut. Quis rerum est nobis commodi vitae.', 2, '2018-11-30 05:05:34', '2018-11-30 05:05:34'),
(225, 19, 'Dr. Dax Erdman IV', 'Et maxime necessitatibus impedit neque aut consequatur. Ratione porro dolorum debitis ratione ipsum iure. Doloremque et reprehenderit in iure.', 1, '2018-11-30 05:05:34', '2018-11-30 05:05:34'),
(226, 1, 'Ms. Carolina McKenzie', 'Non eaque occaecati minima dolore inventore. Quia ea et nihil cumque magni. Ratione non enim quo laboriosam.', 3, '2018-11-30 05:05:34', '2018-11-30 05:05:34'),
(227, 5, 'Sandrine Treutel', 'Omnis neque veritatis et rerum. Ut ut fugit harum molestiae. Fuga quia dolorum in doloremque vero blanditiis. Aliquam voluptas sit ut incidunt pariatur veritatis error tempora. Vero veniam laborum inventore minus laudantium ex reprehenderit.', 1, '2018-11-30 05:05:34', '2018-11-30 05:05:34'),
(228, 20, 'Prof. Ed Wiegand', 'Accusamus suscipit ut et quia odio fugiat. Dolores et reiciendis culpa dolorem consequuntur praesentium. Quo officiis cum voluptate fuga.', 3, '2018-11-30 05:05:34', '2018-11-30 05:05:34'),
(229, 34, 'Rashad Dare', 'Sequi repellat in quibusdam occaecati. Explicabo quia qui dolorem itaque cum laboriosam quo facere. Ea qui quia debitis libero est in nam beatae.', 2, '2018-11-30 05:05:34', '2018-11-30 05:05:34'),
(230, 23, 'Douglas Koch', 'Explicabo optio suscipit voluptates provident odio illum quia quia. Dolorum recusandae nihil aut. Repellat consequatur iusto aperiam enim sapiente optio. Voluptas eveniet consequatur est dolore repellendus maiores laboriosam nam.', 4, '2018-11-30 05:05:34', '2018-11-30 05:05:34'),
(231, 33, 'Nona Bogan', 'Laborum consectetur recusandae sint deserunt. Dolorum eveniet consequatur ut natus officiis. Ut tempora provident sed deserunt harum.', 2, '2018-11-30 05:05:34', '2018-11-30 05:05:34'),
(232, 42, 'Prof. Evans Gutkowski II', 'Dolores ut similique libero aliquid. Non et mollitia repudiandae consequatur dicta debitis velit et. Non rerum ad dolorum officiis.', 5, '2018-11-30 05:05:34', '2018-11-30 05:05:34'),
(233, 20, 'Dr. Grant Lebsack PhD', 'Officia veritatis rem odio voluptatum. Nihil repudiandae sapiente voluptatem dolores optio nostrum.', 3, '2018-11-30 05:05:34', '2018-11-30 05:05:34'),
(234, 7, 'Prof. Greyson Kautzer', 'Vitae dolor unde nobis tenetur qui. Minima et corporis velit. Neque necessitatibus consequatur dolor ipsum molestiae aperiam. Assumenda non voluptatem dolores aut.', 4, '2018-11-30 05:05:34', '2018-11-30 05:05:34'),
(235, 19, 'Reese Reichert', 'Mollitia sed veniam quia. Architecto voluptas repellat rerum nulla et accusantium quas. Velit nam aspernatur dicta ducimus ex quam et mollitia. Quia aliquid et perspiciatis et repellat.', 1, '2018-11-30 05:05:34', '2018-11-30 05:05:34'),
(236, 19, 'Daniela Schiller', 'Illo illum ullam illum et modi sapiente. Qui reiciendis mollitia consectetur ipsa quia aut vitae. Quod corrupti commodi occaecati porro.', 4, '2018-11-30 05:05:34', '2018-11-30 05:05:34'),
(237, 1, 'Luz Lubowitz PhD', 'Accusantium ipsum enim aut numquam consequatur. Minima dignissimos exercitationem autem distinctio. Aliquid voluptates possimus nemo ab et. Possimus et eaque totam repellat.', 5, '2018-11-30 05:05:34', '2018-11-30 05:05:34'),
(238, 47, 'Brain Hermann', 'Temporibus et ea unde voluptatem dignissimos. Atque neque sit magni eum delectus hic. Expedita et quidem eum fuga sit ipsa libero. Officia voluptatibus non rem beatae laudantium saepe.', 3, '2018-11-30 05:05:34', '2018-11-30 05:05:34'),
(239, 11, 'Miss Icie Abernathy MD', 'Enim minus pariatur id ipsa perspiciatis sed ipsum. Ex qui est et omnis quia quia eum accusamus. Dolorem aut qui velit aut.', 3, '2018-11-30 05:05:34', '2018-11-30 05:05:34'),
(240, 24, 'Karley Barton', 'Vel laborum delectus sit nihil voluptatem non. Quis et molestias maiores est quibusdam. Et necessitatibus sit repellendus quam. Asperiores ut voluptatem iure error omnis deserunt reprehenderit. Harum est est saepe veniam adipisci.', 1, '2018-11-30 05:05:34', '2018-11-30 05:05:34'),
(241, 39, 'Trent Goodwin I', 'Voluptas quia consequatur eum repellendus repudiandae velit aut omnis. Saepe architecto labore nulla ipsa temporibus ut. Ipsa praesentium aspernatur pariatur consectetur nisi et ut deserunt.', 0, '2018-11-30 05:05:34', '2018-11-30 05:05:34'),
(242, 48, 'Dedrick Smith', 'Et nulla ab corrupti non sint. Placeat amet vel perspiciatis ab at dolor excepturi. Quia nesciunt est minima in.', 2, '2018-11-30 05:05:34', '2018-11-30 05:05:34'),
(243, 43, 'Tyra Kihn', 'Ad sit a laborum. Est aut ducimus iusto. Eum illo vero officiis. Sed earum omnis sed dignissimos quibusdam iste distinctio.', 1, '2018-11-30 05:05:34', '2018-11-30 05:05:34'),
(244, 13, 'Mrs. Kassandra Koepp', 'Doloribus nemo ullam doloribus labore maiores quo perspiciatis. Debitis quibusdam numquam ut voluptatem. Accusantium vel incidunt sunt quo sit aut. Dolor nisi distinctio est illum rerum consequatur sunt voluptas. Laudantium corrupti sed adipisci deserunt.', 3, '2018-11-30 05:05:35', '2018-11-30 05:05:35'),
(245, 38, 'Prof. Andres Gottlieb MD', 'Assumenda aut consequatur labore ratione nihil. Et porro dolorem dolores est qui hic beatae. Fuga consequatur architecto harum nemo possimus qui.', 3, '2018-11-30 05:05:35', '2018-11-30 05:05:35'),
(246, 30, 'Melyna Hill IV', 'Ad quia ipsum dolor voluptatum occaecati expedita. Consectetur et ut consequatur sapiente non. Sunt ullam sit ut vero.', 5, '2018-11-30 05:05:35', '2018-11-30 05:05:35'),
(247, 14, 'Hildegard White DVM', 'Et nihil officia laudantium dolor et velit excepturi. Blanditiis velit dignissimos quaerat similique provident nihil. Consequuntur iure enim dolorum ut.', 3, '2018-11-30 05:05:35', '2018-11-30 05:05:35'),
(248, 20, 'Mr. Oral Boyer I', 'Praesentium fugit ex facere excepturi doloribus assumenda dolorum. Illum omnis adipisci inventore architecto fugit voluptatibus asperiores omnis. Sint molestiae praesentium repellat.', 1, '2018-11-30 05:05:35', '2018-11-30 05:05:35'),
(249, 16, 'Jennie Powlowski', 'In officia corrupti praesentium fugit molestias. Voluptatem minima non dolores fugit aut illum. Et vero illum quia quisquam quos explicabo laboriosam ipsam. Ut sunt dicta dolores temporibus dolor dolorem facere.', 0, '2018-11-30 05:05:35', '2018-11-30 05:05:35'),
(250, 21, 'Dejuan Stroman Sr.', 'Nam minus maiores et asperiores ut eius molestiae. Ea rerum culpa quae aspernatur vitae consequatur eius quaerat. Fugit nihil aut culpa cum vitae iure ut dolores. Provident dolore minima magnam praesentium. Voluptatum non itaque quod nostrum voluptatem velit.', 0, '2018-11-30 05:05:35', '2018-11-30 05:05:35'),
(251, 43, 'Abby VonRueden', 'Recusandae minima voluptatibus illo temporibus sed. Perspiciatis voluptates ratione iusto et voluptatem. Corporis reiciendis necessitatibus ut ex sequi tempore. Ab velit in inventore adipisci aut.', 5, '2018-11-30 05:05:35', '2018-11-30 05:05:35'),
(252, 26, 'Ms. Lyda Dooley V', 'Qui et magnam dolor est qui qui. Reiciendis vero labore incidunt officiis odio voluptas sunt.', 1, '2018-11-30 05:05:35', '2018-11-30 05:05:35'),
(253, 41, 'Zakary Beer Sr.', 'Rerum consectetur iure ullam. Aut ut dolorum quibusdam earum doloribus. Animi aut possimus dicta hic.', 2, '2018-11-30 05:05:35', '2018-11-30 05:05:35'),
(254, 38, 'Shakira Sauer Sr.', 'Et nulla incidunt vel. Odit quia autem explicabo sint et libero tempora. Sit velit quis modi aperiam et exercitationem.', 4, '2018-11-30 05:05:35', '2018-11-30 05:05:35'),
(255, 20, 'Prof. Carmela Bartoletti', 'Voluptatem mollitia voluptatibus dolor nemo similique cupiditate eaque. Eligendi ut optio quas doloribus. Voluptatem architecto dolorem dolor dolor nulla natus alias et. Quod qui quis tenetur et.', 1, '2018-11-30 05:05:35', '2018-11-30 05:05:35'),
(256, 8, 'Nedra Aufderhar', 'Eaque error similique totam fugiat. Quisquam esse ipsum eius suscipit. Et repellendus quos eaque quam deserunt. Nam quam sed soluta.', 2, '2018-11-30 05:05:35', '2018-11-30 05:05:35'),
(257, 14, 'Prof. Jaden Hessel', 'Rerum fugiat facilis qui perferendis voluptatum pariatur. Vel repellat doloremque in a. Distinctio beatae esse incidunt aut iure sed. Ea provident velit id aut. Id sequi deleniti ad eius qui.', 5, '2018-11-30 05:05:35', '2018-11-30 05:05:35'),
(258, 42, 'Shaniya Doyle', 'Dolorem ex repellat ipsa quae. Aut ut quia blanditiis distinctio excepturi ratione dolor aperiam. Et iure quia qui eveniet pariatur asperiores unde.', 5, '2018-11-30 05:05:35', '2018-11-30 05:05:35'),
(259, 19, 'Erin Rau Jr.', 'Ratione qui adipisci repellat voluptatem. Velit quasi qui rem ab officia occaecati mollitia. Sapiente ea eos qui.', 4, '2018-11-30 05:05:35', '2018-11-30 05:05:35'),
(260, 23, 'Rhea Powlowski', 'Nisi fugiat tempore nisi sunt recusandae consequatur. Soluta qui exercitationem sapiente distinctio. Reiciendis animi error quis modi tenetur quo.', 0, '2018-11-30 05:05:35', '2018-11-30 05:05:35'),
(261, 30, 'Rosemarie Rodriguez DDS', 'Qui explicabo aut ut voluptas at non. Quo earum inventore est eum sint et. Facilis itaque occaecati et voluptates ut repellendus ab dignissimos.', 2, '2018-11-30 05:05:35', '2018-11-30 05:05:35'),
(262, 33, 'Amalia Stark', 'Sint cum provident quia voluptatem quis. Sed pariatur impedit dolorum voluptatem non deleniti. Et quia consequatur esse illum accusantium dolorem in consequatur.', 2, '2018-11-30 05:05:35', '2018-11-30 05:05:35'),
(263, 6, 'Odell Pfannerstill', 'Quia vel aliquid mollitia impedit nemo. Odit veritatis voluptatem quia doloremque.', 5, '2018-11-30 05:05:35', '2018-11-30 05:05:35'),
(264, 20, 'Ms. Zula Kunze', 'Necessitatibus facilis id quam excepturi. Aut ratione sunt illo. Iure quod ullam hic cum molestiae esse aut.', 4, '2018-11-30 05:05:35', '2018-11-30 05:05:35'),
(265, 14, 'Kiarra Pacocha', 'Eaque nisi et corrupti nostrum molestias. Rem sed necessitatibus saepe autem. Veniam quidem blanditiis aut reiciendis perspiciatis.', 0, '2018-11-30 05:05:35', '2018-11-30 05:05:35'),
(266, 8, 'Agustina Langworth', 'Quasi ut nisi error vero. Quidem et voluptatem sapiente eligendi voluptas atque. Amet commodi odit accusantium neque ratione error. Architecto velit perferendis dolorem modi.', 1, '2018-11-30 05:05:35', '2018-11-30 05:05:35'),
(267, 25, 'Kyler Dooley', 'Rerum magnam occaecati architecto esse sit perspiciatis ullam. Modi quisquam sint dignissimos explicabo sed. Quaerat aperiam voluptatem deserunt sunt.', 4, '2018-11-30 05:05:35', '2018-11-30 05:05:35'),
(268, 21, 'Eugenia Lowe', 'Ut illum recusandae dolores consectetur neque ipsam provident. Voluptatem ut culpa magnam repellat aliquid quisquam. In distinctio aspernatur necessitatibus sit quia.', 2, '2018-11-30 05:05:35', '2018-11-30 05:05:35'),
(269, 47, 'Nathanael Mayert', 'Non voluptatem dolores reprehenderit. Aut similique distinctio magni vero ut qui. Sunt eos mollitia aperiam praesentium modi velit.', 2, '2018-11-30 05:05:35', '2018-11-30 05:05:35'),
(270, 44, 'Bonita Witting Sr.', 'Ut accusamus quaerat voluptatibus illo unde qui sint. Animi et voluptas rem et. Recusandae aut consequatur dolor vel et.', 1, '2018-11-30 05:05:35', '2018-11-30 05:05:35'),
(271, 19, 'Mr. Claud Treutel III', 'Impedit omnis quis mollitia nihil voluptatibus ea dolores quo. Est omnis dicta ipsa recusandae quia possimus ratione. Provident molestiae error quis ut cupiditate sit quod.', 4, '2018-11-30 05:05:35', '2018-11-30 05:05:35'),
(272, 21, 'Lukas Raynor', 'Non vel voluptatum voluptas natus cumque porro. Autem repellendus quidem id aut. Corrupti laudantium dolores sapiente aut dignissimos sunt accusantium. Eaque sit aut impedit maiores omnis.', 5, '2018-11-30 05:05:35', '2018-11-30 05:05:35'),
(273, 10, 'Prof. Deangelo Brekke DDS', 'Est sunt ut quasi. Autem voluptas quia at assumenda. Sed quaerat nihil sint accusamus ut culpa. Atque nesciunt deserunt reprehenderit dignissimos.', 2, '2018-11-30 05:05:35', '2018-11-30 05:05:35'),
(274, 41, 'Alize Emmerich', 'Porro rerum fugit illo mollitia rerum. Eos numquam exercitationem eos qui nemo rem quo. Qui et totam molestiae laboriosam. Perspiciatis sequi placeat et delectus.', 5, '2018-11-30 05:05:35', '2018-11-30 05:05:35'),
(275, 33, 'Karli Hauck Jr.', 'Quibusdam explicabo maiores praesentium soluta. Quaerat quia placeat minima velit nisi. Aut sit molestiae vel consequatur.', 1, '2018-11-30 05:05:35', '2018-11-30 05:05:35'),
(276, 44, 'Dr. Modesto Quigley', 'Qui enim incidunt totam voluptatum nam esse. Unde rerum saepe doloribus sunt. Voluptatum dolorum veniam adipisci ex et.', 1, '2018-11-30 05:05:35', '2018-11-30 05:05:35'),
(277, 31, 'Ms. Raina Sawayn', 'Sunt recusandae non id. Quibusdam voluptas ea ad qui. Et sapiente odit culpa temporibus. Incidunt laudantium rem nostrum et corrupti.', 2, '2018-11-30 05:05:35', '2018-11-30 05:05:35'),
(278, 26, 'Sabrina Greenholt', 'Quia voluptate enim ea aperiam impedit ratione qui. Dolores officiis eaque atque amet occaecati et beatae. Reiciendis debitis nemo vitae necessitatibus delectus. Laborum sunt voluptatem quis quam sit dolorem ut deserunt.', 2, '2018-11-30 05:05:35', '2018-11-30 05:05:35'),
(279, 12, 'Dr. Haley Ledner', 'Est temporibus cum magni reprehenderit voluptatibus dignissimos. Ipsa quod doloremque quidem enim consequatur. Distinctio repudiandae vel sit asperiores commodi et sequi.', 1, '2018-11-30 05:05:35', '2018-11-30 05:05:35'),
(280, 3, 'Haleigh Kerluke PhD', 'Voluptatibus quas dolorem sequi aut dolores eum nulla. Sit quo deleniti eum et aspernatur aut aliquid sunt. Nostrum molestias consectetur quidem ipsam repellendus esse. Eius vel amet molestiae adipisci est dolorem maiores.', 2, '2018-11-30 05:05:35', '2018-11-30 05:05:35'),
(281, 37, 'Kylie Greenfelder', 'Quisquam quidem et qui earum natus sunt et. Consequuntur sunt earum non qui voluptas rerum tempora. Dolore quam non nihil tempora aliquid nesciunt. Ipsam numquam quas quas unde soluta placeat omnis.', 3, '2018-11-30 05:05:35', '2018-11-30 05:05:35'),
(282, 20, 'Magali Maggio', 'Sed at fugit sed exercitationem velit sed minima. Aut et dolore repellendus neque. Delectus eum voluptas praesentium ut. Alias error mollitia recusandae non voluptas quia.', 0, '2018-11-30 05:05:35', '2018-11-30 05:05:35'),
(283, 49, 'Prof. Gilbert Hermiston I', 'Voluptas repellendus eaque dicta cum tenetur possimus repellendus. Quidem provident omnis facilis aut consequatur sit. Quis aut eos rerum in assumenda enim unde qui. Qui nostrum dolor quia voluptatem illum.', 2, '2018-11-30 05:05:35', '2018-11-30 05:05:35'),
(284, 40, 'Prof. Lindsay Larkin V', 'Est ut rerum voluptatibus odit adipisci quidem minima. Fugit eos odio et omnis recusandae ut dolorem. Ut vel minus natus laboriosam.', 0, '2018-11-30 05:05:35', '2018-11-30 05:05:35'),
(285, 6, 'Lilian Smitham', 'Officia nihil sunt non. Quisquam unde sit atque est excepturi. Eos aut qui cumque qui facilis rerum. Repellat voluptas et aut atque.', 3, '2018-11-30 05:05:35', '2018-11-30 05:05:35'),
(286, 16, 'Foster Heidenreich', 'At dolore rem omnis corporis eius. Aut suscipit vel quo corporis est cumque facilis. Eveniet quia omnis vel nesciunt. Beatae perferendis ut fuga minus quam voluptatem.', 0, '2018-11-30 05:05:35', '2018-11-30 05:05:35'),
(287, 37, 'Miss Augustine Hodkiewicz', 'Unde aut at quo accusamus et laborum sequi. Vel officia alias ratione voluptatum nostrum. Est qui illo quidem sit ullam et vitae. Qui aut labore fuga corrupti.', 4, '2018-11-30 05:05:35', '2018-11-30 05:05:35'),
(288, 12, 'Beau White IV', 'Quia rerum qui id voluptatem assumenda reiciendis. Maiores consequatur ipsam eum quaerat mollitia quo. Fugiat incidunt quis cumque illo quos sed. Quaerat culpa dolores sed exercitationem.', 1, '2018-11-30 05:05:35', '2018-11-30 05:05:35'),
(289, 49, 'Russ Hartmann', 'Magnam rerum beatae excepturi voluptate. Ea nemo consequatur dolorem sed ea eos. Qui qui eum dolorum.', 0, '2018-11-30 05:05:35', '2018-11-30 05:05:35'),
(290, 41, 'Mr. Lawson Cormier I', 'Quo sit debitis atque sunt praesentium nam. Eius voluptatem recusandae qui dolores assumenda maiores eos. Pariatur vel sapiente quod labore quae.', 4, '2018-11-30 05:05:35', '2018-11-30 05:05:35'),
(291, 6, 'Freida Hackett', 'Nostrum est facilis aspernatur voluptatem alias iusto voluptas. Ut ut ad sit molestiae aspernatur. Atque repellat dolorem quis autem delectus. Voluptate officiis quia qui omnis libero quos.', 2, '2018-11-30 05:05:35', '2018-11-30 05:05:35'),
(292, 28, 'Isac Bernhard', 'Culpa at eveniet sequi. Ipsam voluptas beatae sed nisi sequi sit. Veritatis sint maiores omnis. Saepe tenetur officia voluptate maxime sit reiciendis eaque.', 1, '2018-11-30 05:05:35', '2018-11-30 05:05:35'),
(293, 17, 'Jacky McKenzie', 'Vero eaque ducimus est architecto sed perferendis et. Nemo nostrum quia ipsum quos omnis voluptatem. Exercitationem qui et rerum aut.', 3, '2018-11-30 05:05:35', '2018-11-30 05:05:35'),
(294, 35, 'Prof. Noble Quitzon MD', 'Quidem pariatur qui accusantium itaque sit itaque numquam. Illo non aspernatur illo culpa et nihil maxime.', 5, '2018-11-30 05:05:36', '2018-11-30 05:05:36'),
(295, 18, 'Prof. Maximilian Kiehn', 'Non veniam consectetur hic iste laudantium in pariatur sit. Qui et et et expedita saepe error qui. Quasi rerum aliquid ad voluptatibus. Officia dolorem fugit quia velit illo consequatur.', 5, '2018-11-30 05:05:36', '2018-11-30 05:05:36'),
(296, 41, 'Miss Liliana Thiel Sr.', 'Voluptas harum consequatur neque non itaque impedit explicabo assumenda. Fugit sed voluptatem quibusdam. Expedita et voluptatem eaque dolorem est odio delectus. Aut sint animi est rem debitis quaerat.', 5, '2018-11-30 05:05:36', '2018-11-30 05:05:36'),
(297, 24, 'Dr. Arno Hill V', 'Porro quia et quia et. Cum voluptatibus autem et nulla. Sint aspernatur minus optio perferendis.', 1, '2018-11-30 05:05:36', '2018-11-30 05:05:36'),
(298, 8, 'Candelario Satterfield', 'Impedit rerum delectus consequatur ratione pariatur. Facilis totam quia autem necessitatibus sit. Aut aspernatur quod ut id quaerat facilis. Unde ut soluta voluptate recusandae eos in voluptatem.', 5, '2018-11-30 05:05:36', '2018-11-30 05:05:36'),
(299, 20, 'Romaine McDermott', 'Quibusdam ut facilis dolor tempora excepturi maxime rem. Sit voluptas non nulla.', 0, '2018-11-30 05:05:36', '2018-11-30 05:05:36'),
(300, 31, 'Cayla Leuschke DDS', 'Soluta distinctio delectus dolores voluptas deserunt quas dolores. Pariatur rerum fugiat qui ea perspiciatis. Unde sed aliquid id eos. Doloremque debitis deleniti eum unde et.', 0, '2018-11-30 05:05:36', '2018-11-30 05:05:36');

-- --------------------------------------------------------

--
-- Table structure for table `users`
--

CREATE TABLE `users` (
  `id` int(10) UNSIGNED NOT NULL,
  `name` varchar(191) COLLATE utf8mb4_unicode_ci NOT NULL,
  `email` varchar(191) COLLATE utf8mb4_unicode_ci NOT NULL,
  `email_verified_at` timestamp NULL DEFAULT NULL,
  `password` varchar(191) COLLATE utf8mb4_unicode_ci NOT NULL,
  `remember_token` varchar(100) COLLATE utf8mb4_unicode_ci DEFAULT NULL,
  `created_at` timestamp NULL DEFAULT NULL,
  `updated_at` timestamp NULL DEFAULT NULL
) ENGINE=InnoDB DEFAULT CHARSET=utf8mb4 COLLATE=utf8mb4_unicode_ci;

--
-- Indexes for dumped tables
--

--
-- Indexes for table `migrations`
--
ALTER TABLE `migrations`
  ADD PRIMARY KEY (`id`);

--
-- Indexes for table `password_resets`
--
ALTER TABLE `password_resets`
  ADD KEY `password_resets_email_index` (`email`);

--
-- Indexes for table `products`
--
ALTER TABLE `products`
  ADD PRIMARY KEY (`id`);

--
-- Indexes for table `reviews`
--
ALTER TABLE `reviews`
  ADD PRIMARY KEY (`id`),
  ADD KEY `reviews_product_id_index` (`product_id`);

--
-- Indexes for table `users`
--
ALTER TABLE `users`
  ADD PRIMARY KEY (`id`),
  ADD UNIQUE KEY `users_email_unique` (`email`);

--
-- AUTO_INCREMENT for dumped tables
--

--
-- AUTO_INCREMENT for table `migrations`
--
ALTER TABLE `migrations`
  MODIFY `id` int(10) UNSIGNED NOT NULL AUTO_INCREMENT, AUTO_INCREMENT=9;

--
-- AUTO_INCREMENT for table `products`
--
ALTER TABLE `products`
  MODIFY `id` int(10) UNSIGNED NOT NULL AUTO_INCREMENT, AUTO_INCREMENT=51;

--
-- AUTO_INCREMENT for table `reviews`
--
ALTER TABLE `reviews`
  MODIFY `id` int(10) UNSIGNED NOT NULL AUTO_INCREMENT, AUTO_INCREMENT=301;

--
-- AUTO_INCREMENT for table `users`
--
ALTER TABLE `users`
  MODIFY `id` int(10) UNSIGNED NOT NULL AUTO_INCREMENT;

--
-- Constraints for dumped tables
--

--
-- Constraints for table `reviews`
--
ALTER TABLE `reviews`
  ADD CONSTRAINT `reviews_product_id_foreign` FOREIGN KEY (`product_id`) REFERENCES `products` (`id`) ON DELETE CASCADE;
COMMIT;

/*!40101 SET CHARACTER_SET_CLIENT=@OLD_CHARACTER_SET_CLIENT */;
/*!40101 SET CHARACTER_SET_RESULTS=@OLD_CHARACTER_SET_RESULTS */;
/*!40101 SET COLLATION_CONNECTION=@OLD_COLLATION_CONNECTION */;
